{"song":{"player1":"bf-christmas","notes":[{"sectionNotes":[],"lengthInSteps":16,"mustHitSection":false},{"sectionNotes":[],"lengthInSteps":16,"mustHitSection":false},{"sectionNotes":[],"lengthInSteps":16,"mustHitSection":false},{"sectionNotes":[[9000,-1,"Hey!","1",""]],"lengthInSteps":16,"mustHitSection":false},{"sectionNotes":[],"lengthInSteps":16,"mustHitSection":true},{"sectionNotes":[],"lengthInSteps":16,"mustHitSection":true},{"sectionNotes":[],"lengthInSteps":16,"mustHitSection":true},{"sectionNotes":[[18600,-1,"Hey!","1",""]],"lengthInSteps":16,"mustHitSection":true},{"altAnim":true,"sectionNotes":[],"lengthInSteps":16,"mustHitSection":false},{"altAnim":true,"sectionNotes":[],"lengthInSteps":16,"mustHitSection":false},{"altAnim":true,"sectionNotes":[],"lengthInSteps":16,"mustHitSection":false},{"altAnim":true,"sectionNotes":[[28200,-1,"Hey!","1",""]],"lengthInSteps":16,"mustHitSection":false},{"sectionNotes":[],"lengthInSteps":16,"mustHitSection":true},{"sectionNotes":[],"lengthInSteps":16,"mustHitSection":true},{"sectionNotes":[],"lengthInSteps":16,"mustHitSection":true},{"sectionNotes":[[37800,-1,"Hey!","1",""]],"lengthInSteps":16,"mustHitSection":true},{"sectionNotes":[],"lengthInSteps":16,"mustHitSection":false},{"sectionNotes":[],"lengthInSteps":16,"mustHitSection":false},{"sectionNotes":[],"lengthInSteps":16,"mustHitSection":false},{"sectionNotes":[],"lengthInSteps":16,"mustHitSection":false},{"sectionNotes":[],"lengthInSteps":16,"mustHitSection":true},{"sectionNotes":[],"lengthInSteps":16,"mustHitSection":true},{"sectionNotes":[],"lengthInSteps":16,"mustHitSection":true},{"sectionNotes":[],"lengthInSteps":16,"mustHitSection":true},{"altAnim":true,"sectionNotes":[],"lengthInSteps":16,"mustHitSection":false},{"altAnim":true,"sectionNotes":[],"lengthInSteps":16,"mustHitSection":false},{"altAnim":true,"sectionNotes":[],"lengthInSteps":16,"mustHitSection":false},{"altAnim":true,"sectionNotes":[],"lengthInSteps":16,"mustHitSection":false},{"sectionNotes":[],"lengthInSteps":16,"mustHitSection":true},{"sectionNotes":[],"lengthInSteps":16,"mustHitSection":true},{"sectionNotes":[],"lengthInSteps":16,"mustHitSection":true},{"sectionNotes":[],"lengthInSteps":16,"mustHitSection":true},{"sectionNotes":[],"lengthInSteps":16,"mustHitSection":false},{"sectionNotes":[],"lengthInSteps":16,"mustHitSection":false},{"sectionNotes":[],"lengthInSteps":16,"mustHitSection":true},{"sectionNotes":[[85800,-1,"Hey!","1",""]],"lengthInSteps":16,"mustHitSection":true},{"altAnim":true,"sectionNotes":[],"lengthInSteps":16,"mustHitSection":false},{"altAnim":true,"sectionNotes":[],"lengthInSteps":16,"mustHitSection":false},{"sectionNotes":[],"lengthInSteps":16,"mustHitSection":true},{"sectionNotes":[],"lengthInSteps":16,"mustHitSection":true},{"altAnim":true,"sectionNotes":[],"lengthInSteps":16,"mustHitSection":false},{"altAnim":true,"sectionNotes":[],"lengthInSteps":16,"mustHitSection":false},{"sectionNotes":[],"lengthInSteps":16,"mustHitSection":true},{"sectionNotes":[],"lengthInSteps":16,"mustHitSection":true},{"sectionNotes":[],"lengthInSteps":16,"mustHitSection":true},{"sectionNotes":[],"lengthInSteps":16,"mustHitSection":true},{"sectionNotes":[],"lengthInSteps":16,"mustHitSection":true},{"sectionNotes":[],"lengthInSteps":16,"mustHitSection":true},{"lengthInSteps":16,"altAnim":false,"typeOfSection":0,"sectionNotes":[],"bpm":100,"changeBPM":false,"mustHitSection":true},{"lengthInSteps":16,"altAnim":false,"typeOfSection":0,"sectionNotes":[],"bpm":100,"changeBPM":false,"mustHitSection":true}],"player2":"parents-christmas","song":"Cocoa","validScore":true,"needsVoices":true,"speed":1.5,"bpm":100}}