{"song":{"player1":"bf","notes":[{"sectionNotes":[],"lengthInSteps":16,"mustHitSection":true},{"sectionNotes":[],"lengthInSteps":16,"mustHitSection":true},{"sectionNotes":[],"lengthInSteps":16,"mustHitSection":true},{"sectionNotes":[],"lengthInSteps":16,"mustHitSection":true},{"sectionNotes":[[6400,0,0],[6799.99951,3,0],[7199.99951,3,0],[7599.99951,2,0]],"lengthInSteps":16,"mustHitSection":false},{"sectionNotes":[[7999.99951,1,0],[8400,3,0],[8800,2,0],[9200,0,0],[9400,3,0]],"lengthInSteps":16,"mustHitSection":false},{"sectionNotes":[[9600,0,0],[10000,3,0],[10400,3,0],[10800,2,0]],"lengthInSteps":16,"mustHitSection":true},{"sectionNotes":[[11200,1,0],[11600,3,0],[12000,2,0],[12400,0,0],[12600,3,0]],"lengthInSteps":16,"mustHitSection":true},{"sectionNotes":[[12800,2,0],[13199.999,0,0],[13599.999,2,0],[13799.999,0,0],[13999.999,1,0]],"lengthInSteps":16,"mustHitSection":false},{"sectionNotes":[[14399.999,1,0],[14799.999,3,0],[15199.999,1,0],[15600,2,0,2]],"lengthInSteps":16,"mustHitSection":false},{"sectionNotes":[[15999.999,2,0],[16400,0,0],[16800,2,0],[17000,0,0],[17200,1,0]],"lengthInSteps":16,"mustHitSection":true},{"sectionNotes":[[17600,1,0],[18000,3,0],[18400,1,0],[18800,4,0],[18800,2,0,2]],"lengthInSteps":16,"mustHitSection":true},{"sectionNotes":[[19200,2,0],[19400,1,0],[19600,3,0],[20000,3,0],[20300,3,0],[20600,3,0]],"lengthInSteps":16,"mustHitSection":false},{"sectionNotes":[[20800,2,0],[21000,1,0],[21200,3,0],[21600,3,0],[21900,1,0],[22200,3,0]],"lengthInSteps":16,"mustHitSection":false},{"sectionNotes":[[22400,2,0],[22600,1,0],[22800,3,0],[23200,3,0],[23500,3,0],[23800,3,0]],"lengthInSteps":16,"mustHitSection":false},{"sectionNotes":[[24000,2,0],[24200,1,0],[24400,3,0],[24800,2,0],[25200,4,0]],"lengthInSteps":16,"mustHitSection":false},{"sectionNotes":[[25600,2,0],[25799.998,1,0],[25999.998,3,0],[26399.998,3,0],[26699.998,3,0],[26999.998,3,0]],"lengthInSteps":16,"mustHitSection":true},{"sectionNotes":[[27199.998,2,0],[27399.998,1,0],[27599.998,3,0],[27999.998,3,0],[28299.998,1,0],[28599.998,3,0]],"lengthInSteps":16,"mustHitSection":true},{"sectionNotes":[[28799.998,2,0],[28999.998,1,0],[29199.998,3,0],[29599.998,3,0],[29899.998,3,0],[30199.998,3,0]],"lengthInSteps":16,"mustHitSection":true},{"sectionNotes":[[30399.998,2,0],[30599.998,1,0],[30799.998,3,0],[31199.998,2,0],[31599.998,7,0]],"lengthInSteps":16,"mustHitSection":true},{"sectionNotes":[[31999.998,0,0],[32399.998,3,0],[32800,3,0],[33200,2,0]],"lengthInSteps":16,"mustHitSection":false},{"sectionNotes":[[33600,1,0],[34000,3,0],[34400,2,0],[34800,0,0],[35000,3,0]],"lengthInSteps":16,"mustHitSection":false},{"sectionNotes":[[35200,0,0],[35600,3,0],[36000,3,0],[36400,2,0]],"lengthInSteps":16,"mustHitSection":true},{"sectionNotes":[[36800,1,0],[37200,3,0],[37600,2,0],[38000,0,0],[38200,3,0]],"lengthInSteps":16,"mustHitSection":true},{"sectionNotes":[[38400,2,0],[38800,0,0],[39200,2,0],[39400,0,0],[39600,1,0]],"lengthInSteps":16,"mustHitSection":false},{"sectionNotes":[[40000,1,0],[40400,3,0],[40800,1,0],[41200,2,0,2]],"lengthInSteps":16,"mustHitSection":false},{"sectionNotes":[[41600,2,0],[42000,0,0],[42400,2,0],[42600,0,0],[42800,1,0]],"lengthInSteps":16,"mustHitSection":true},{"sectionNotes":[[43200,1,0],[43600,3,0],[44000,1,0],[44400,4,0],[44600,7,0],[44400,2,0,2]],"lengthInSteps":16,"mustHitSection":true},{"sectionNotes":[[44800,2,0],[45000,0,0],[45200,3,0],[45600,3,0],[45900,3,0],[46200,3,0]],"lengthInSteps":16,"mustHitSection":false},{"sectionNotes":[[46400,2,0],[46600,0,0],[46800,3,0],[47200,1,0],[47600,0,0],[47800,3,0]],"lengthInSteps":16,"mustHitSection":false},{"sectionNotes":[[48000,2,0],[48200,0,0],[48400,3,0],[48800,3,0],[49100,3,0],[49400,3,0]],"lengthInSteps":16,"mustHitSection":false},{"sectionNotes":[[49600,2,0],[49800,0,0],[50000,3,0],[50400,3,0],[50800,4,0],[51000,7,0]],"lengthInSteps":16,"mustHitSection":false},{"sectionNotes":[[51200,2,0],[51399.9961,0,0],[51599.9961,3,0],[51999.9961,3,0],[52299.9961,3,0],[52599.9961,3,0]],"lengthInSteps":16,"mustHitSection":true},{"sectionNotes":[[52799.9961,2,0],[52999.9961,0,0],[53199.9961,3,0],[53599.9961,1,0],[53999.9961,0,0],[54199.9961,3,0]],"lengthInSteps":16,"mustHitSection":true},{"sectionNotes":[[54399.9961,2,0],[54599.9961,0,0],[54799.9961,3,0],[55199.9961,3,0],[55499.9961,3,0],[55799.9961,3,0]],"lengthInSteps":16,"mustHitSection":true},{"sectionNotes":[[55999.9961,2,0],[56199.9961,0,0],[56399.9961,3,0],[56799.9961,3,0]],"lengthInSteps":16,"mustHitSection":true},{"sectionNotes":[[57599.9961,2,300],[57999.9961,3,300],[58399.9961,1,300],[58799.9961,2,300]],"lengthInSteps":16,"mustHitSection":false},{"sectionNotes":[[59199.9961,2,300],[59599.9961,0,300],[59999.9961,1,300],[60399.9961,2,300]],"lengthInSteps":16,"mustHitSection":false},{"sectionNotes":[[60799.9961,1,0],[61399.9961,3,0],[61799.9961,3,0],[61999.9961,0,0]],"lengthInSteps":16,"mustHitSection":false},{"sectionNotes":[[62399.9961,1,0],[62999.9961,3,0],[63399.9961,3,0],[63599.9961,0,0]],"lengthInSteps":16,"mustHitSection":false},{"sectionNotes":[[63999.9961,2,300],[64399.9961,3,300],[64799.9961,1,300],[65199.9961,2,300]],"lengthInSteps":16,"mustHitSection":true},{"sectionNotes":[[65600,2,300],[66000,0,300],[66400,1,300],[66800,2,300]],"lengthInSteps":16,"mustHitSection":true},{"sectionNotes":[[67200,1,0],[67800,3,0],[68200,3,0],[68400,0,0]],"lengthInSteps":16,"mustHitSection":true},{"sectionNotes":[[68800,4,300],[68800,1,0],[69200,5,300],[69400,3,0],[69600,7,300],[69800,3,0],[70000,5,300],[70000,0,0]],"lengthInSteps":16,"mustHitSection":true},{"sectionNotes":[[70400,2,0],[70600,2,0],[71000,2,0],[71400,3,0],[71600,1,0]],"lengthInSteps":16,"mustHitSection":false},{"sectionNotes":[[72000,2,0],[72200,2,0],[72600,2,0],[73000,3,0],[73200,1,0]],"lengthInSteps":16,"mustHitSection":false},{"sectionNotes":[[73600,2,0],[73800,2,0],[74200,2,0],[74600,3,0],[74800,1,0]],"lengthInSteps":16,"mustHitSection":false},{"sectionNotes":[[75200,4,300],[75200,2,0],[75400,2,0],[75600,5,300],[75800,2,0],[76000,7,300],[76200,3,0],[76400,5,300],[76400,1,0]],"lengthInSteps":16,"mustHitSection":false},{"sectionNotes":[[76800,2,0],[77000,2,0],[77400,2,0],[77800,3,0],[78000,1,0]],"lengthInSteps":16,"mustHitSection":true},{"sectionNotes":[[78400,2,0],[78600,2,0],[79000,2,0],[79400,3,0],[79600,1,0]],"lengthInSteps":16,"mustHitSection":true},{"sectionNotes":[[80000,2,0],[80200,2,0],[80600,2,0],[81000,3,0],[81200,1,0]],"lengthInSteps":16,"mustHitSection":true},{"sectionNotes":[[81600,4,300],[81600,2,0],[81800,2,0],[82000,5,300],[82200,2,0],[82400,7,300],[82600,3,0],[82800,5,300],[82800,1,0]],"lengthInSteps":16,"mustHitSection":true},{"sectionNotes":[[83200,2,0],[83400,2,0],[83800,2,0],[84200,3,0],[84400,1,0]],"lengthInSteps":16,"mustHitSection":false},{"sectionNotes":[[84800,2,0],[85000,2,0],[85400,2,0],[85800,3,0],[86000,1,0]],"lengthInSteps":16,"mustHitSection":false},{"sectionNotes":[[86400,2,0],[86600,2,0],[87000,2,0],[87400,3,0],[87600,1,0]],"lengthInSteps":16,"mustHitSection":false},{"sectionNotes":[[88000,4,300],[88000,2,0],[88200,2,0],[88400,5,300],[88600,2,0],[88800,7,300],[89000,3,0],[89200,5,300],[89200,1,0]],"lengthInSteps":16,"mustHitSection":false},{"sectionNotes":[[89600,2,0],[89800,2,0],[90200,2,0],[90600,3,0],[90800,1,0]],"lengthInSteps":16,"mustHitSection":true},{"sectionNotes":[[91200,2,0],[91400,2,0],[91800,2,0],[92200,3,0],[92400,1,0]],"lengthInSteps":16,"mustHitSection":true},{"sectionNotes":[[92800,2,0],[93000,2,0],[93400,2,0],[93800,3,0],[94000,1,0]],"lengthInSteps":16,"mustHitSection":true},{"sectionNotes":[[94400,2,0],[94600,2,0],[95000,2,0],[95400,3,0],[95600,1,0]],"lengthInSteps":16,"mustHitSection":true},{"sectionNotes":[],"lengthInSteps":16,"mustHitSection":true},{"sectionNotes":[],"lengthInSteps":16,"mustHitSection":true},{"lengthInSteps":16,"altAnim":false,"typeOfSection":0,"sectionNotes":[],"bpm":150,"changeBPM":false,"mustHitSection":true}],"player2":"spooky","song":"Spookeez","validScore":true,"needsVoices":true,"speed":1,"bpm":150}}