{"song":{"player1":"bf","notes":[{"sectionNotes":[],"lengthInSteps":16,"mustHitSection":true},{"sectionNotes":[],"lengthInSteps":16,"mustHitSection":true},{"sectionNotes":[],"lengthInSteps":16,"mustHitSection":true},{"sectionNotes":[],"lengthInSteps":16,"mustHitSection":true},{"sectionNotes":[],"lengthInSteps":16,"mustHitSection":true},{"sectionNotes":[],"lengthInSteps":16,"mustHitSection":true},{"sectionNotes":[],"lengthInSteps":16,"mustHitSection":true},{"sectionNotes":[],"lengthInSteps":16,"mustHitSection":true},{"sectionNotes":[],"lengthInSteps":16,"mustHitSection":false},{"sectionNotes":[],"lengthInSteps":16,"mustHitSection":false},{"sectionNotes":[],"lengthInSteps":16,"mustHitSection":false},{"sectionNotes":[],"lengthInSteps":16,"mustHitSection":false},{"sectionNotes":[],"lengthInSteps":16,"mustHitSection":true},{"sectionNotes":[],"lengthInSteps":16,"mustHitSection":true},{"sectionNotes":[],"lengthInSteps":16,"mustHitSection":true},{"sectionNotes":[],"lengthInSteps":16,"mustHitSection":true},{"sectionNotes":[],"lengthInSteps":16,"mustHitSection":false},{"sectionNotes":[],"lengthInSteps":16,"mustHitSection":false},{"sectionNotes":[],"lengthInSteps":16,"mustHitSection":false},{"sectionNotes":[],"lengthInSteps":16,"mustHitSection":false},{"sectionNotes":[],"lengthInSteps":16,"mustHitSection":true},{"sectionNotes":[],"lengthInSteps":16,"mustHitSection":true},{"sectionNotes":[],"lengthInSteps":16,"mustHitSection":true},{"sectionNotes":[],"lengthInSteps":16,"mustHitSection":true},{"sectionNotes":[],"lengthInSteps":16,"mustHitSection":false},{"sectionNotes":[],"lengthInSteps":16,"mustHitSection":false},{"sectionNotes":[],"lengthInSteps":16,"mustHitSection":false},{"sectionNotes":[],"lengthInSteps":16,"mustHitSection":false},{"sectionNotes":[],"lengthInSteps":16,"mustHitSection":true},{"sectionNotes":[],"lengthInSteps":16,"mustHitSection":true},{"sectionNotes":[],"lengthInSteps":16,"mustHitSection":true},{"sectionNotes":[],"lengthInSteps":16,"mustHitSection":true},{"sectionNotes":[[46545.4545454546,-1,"Blammed Lights","6",""]],"lengthInSteps":16,"mustHitSection":false},{"sectionNotes":[[48000,-1,"Blammed Lights","6",""]],"lengthInSteps":16,"mustHitSection":false},{"sectionNotes":[[49454.5454545455,-1,"Blammed Lights","6",""]],"lengthInSteps":16,"mustHitSection":false},{"sectionNotes":[[50909.0909090909,-1,"Blammed Lights","6",""]],"lengthInSteps":16,"mustHitSection":false},{"sectionNotes":[[52363.6363636364,-1,"Blammed Lights","6",""]],"lengthInSteps":16,"mustHitSection":true},{"sectionNotes":[[53818.1818181818,-1,"Blammed Lights","6",""]],"lengthInSteps":16,"mustHitSection":true},{"sectionNotes":[[55272.7272727273,-1,"Blammed Lights","6",""]],"lengthInSteps":16,"mustHitSection":true},{"sectionNotes":[[56727.2727272728,-1,"Blammed Lights","6",""]],"lengthInSteps":16,"mustHitSection":true},{"sectionNotes":[[58181.8181818182,-1,"Blammed Lights","6",""]],"lengthInSteps":16,"mustHitSection":false},{"sectionNotes":[[59636.3636363637,-1,"Blammed Lights","6",""]],"lengthInSteps":16,"mustHitSection":false},{"sectionNotes":[[61090.9090909091,-1,"Blammed Lights","6",""]],"lengthInSteps":16,"mustHitSection":false},{"sectionNotes":[[62545.4545454546,-1,"Blammed Lights","6",""]],"lengthInSteps":16,"mustHitSection":false},{"sectionNotes":[[64000,-1,"Blammed Lights","6",""]],"lengthInSteps":16,"mustHitSection":true},{"sectionNotes":[[65454.5454545455,-1,"Blammed Lights","6",""]],"lengthInSteps":16,"mustHitSection":true},{"sectionNotes":[[66909.0909090909,-1,"Blammed Lights","6",""]],"lengthInSteps":16,"mustHitSection":true},{"sectionNotes":[[68363.6363636364,-1,"Blammed Lights","6",""]],"lengthInSteps":16,"mustHitSection":true},{"sectionNotes":[[69828.1818181819,-1,"Blammed Lights","0",""]],"lengthInSteps":16,"mustHitSection":false},{"sectionNotes":[],"lengthInSteps":16,"mustHitSection":false},{"sectionNotes":[],"lengthInSteps":16,"mustHitSection":false},{"sectionNotes":[],"lengthInSteps":16,"mustHitSection":false},{"sectionNotes":[],"lengthInSteps":16,"mustHitSection":true},{"sectionNotes":[],"lengthInSteps":16,"mustHitSection":true},{"sectionNotes":[],"lengthInSteps":16,"mustHitSection":true},{"sectionNotes":[],"lengthInSteps":16,"mustHitSection":true},{"sectionNotes":[],"lengthInSteps":16,"mustHitSection":false},{"sectionNotes":[],"lengthInSteps":16,"mustHitSection":false},{"sectionNotes":[],"lengthInSteps":16,"mustHitSection":false},{"sectionNotes":[],"lengthInSteps":16,"mustHitSection":false},{"sectionNotes":[],"lengthInSteps":16,"mustHitSection":true},{"sectionNotes":[],"lengthInSteps":16,"mustHitSection":true},{"sectionNotes":[],"lengthInSteps":16,"mustHitSection":true},{"sectionNotes":[],"lengthInSteps":16,"mustHitSection":true},{"sectionNotes":[],"lengthInSteps":16,"mustHitSection":true},{"sectionNotes":[],"lengthInSteps":16,"mustHitSection":true},{"sectionNotes":[],"lengthInSteps":16,"mustHitSection":true},{"sectionNotes":[],"lengthInSteps":16,"mustHitSection":true},{"sectionNotes":[],"lengthInSteps":16,"mustHitSection":true},{"sectionNotes":[],"lengthInSteps":16,"mustHitSection":true},{"sectionNotes":[],"lengthInSteps":16,"mustHitSection":true},{"sectionNotes":[],"lengthInSteps":16,"mustHitSection":true},{"sectionNotes":[],"lengthInSteps":16,"mustHitSection":true},{"sectionNotes":[],"lengthInSteps":16,"mustHitSection":true},{"lengthInSteps":16,"typeOfSection":0,"sectionNotes":[],"altAnim":false,"bpm":165,"changeBPM":false,"mustHitSection":true},{"sectionNotes":[],"typeOfSection":0,"lengthInSteps":16,"altAnim":false,"mustHitSection":true,"changeBPM":false,"bpm":165},{"lengthInSteps":16,"altAnim":false,"typeOfSection":0,"sectionNotes":[],"bpm":165,"changeBPM":false,"mustHitSection":true}],"player2":"pico","song":"Blammed","validScore":true,"needsVoices":true,"speed":2.3,"bpm":165}}