{
	"song": {
		"player1": "bf",
		"player2": "mom",
		"notes": [
			{
				"lengthInSteps": 16,
				"sectionNotes": [
					[
						416.666666666667,
						0,
						0
					],
					[
						729.166666666667,
						0,
						0
					],
					[
						1041.66666666667,
						0,
						0
					],
					[
						1354.16666666667,
						0,
						0
					],
					[
						208.333333333333,
						3,
						0
					]
				],
				"mustHitSection": true
			},
			{
				"lengthInSteps": 16,
				"sectionNotes": [
					[
						2083.33333333333,
						4,
						0
					],
					[
						2395.83333333333,
						4,
						0
					],
					[
						2708.33333333333,
						4,
						0
					],
					[
						3020.83333333333,
						4,
						0
					],
					[
						1770.83333333333,
						6,
						0
					],
					[
						3125,
						7,
						0
					]
				],
				"mustHitSection": false
			},
			{
				"lengthInSteps": 16,
				"sectionNotes": [
					[
						3437.5,
						2,
						0
					],
					[
						3750,
						0,
						0
					],
					[
						4062.5,
						0,
						0
					],
					[
						4375,
						0,
						0
					],
					[
						4687.5,
						0,
						0
					]
				],
				"mustHitSection": true
			},
			{
				"lengthInSteps": 16,
				"sectionNotes": [
					[
						5000,
						3,
						416.666666666667
					],
					[
						5520.83333333333,
						2,
						416.666666666667
					],
					[
						6041.66666666667,
						0,
						416.666666666667
					],
					[
						6562.5,
						3,
						0
					],
					[
						5416.66666666667,
						4,
						0
					],
					[
						5729.16666666667,
						4,
						0
					],
					[
						6041.66666666667,
						4,
						0
					],
					[
						6354.16666666667,
						4,
						0
					],
					[
						5104.16666666667,
						6,
						0
					],
					[
						6458.33333333333,
						7,
						0
					]
				],
				"mustHitSection": false
			},
			{
				"lengthInSteps": 16,
				"sectionNotes": [
					[
						6979.16666666667,
						0,
						0
					],
					[
						7187.5,
						2,
						0
					],
					[
						7395.83333333333,
						3,
						0
					],
					[
						7604.16666666667,
						1,
						0
					],
					[
						7812.5,
						0,
						0
					],
					[
						8020.83333333333,
						2,
						0
					],
					[
						8229.16666666667,
						3,
						0
					],
					[
						6770.83333333333,
						1,
						0
					],
					[
						7083.33333333333,
						4,
						0
					],
					[
						7395.83333333333,
						4,
						0
					],
					[
						7708.33333333333,
						4,
						0
					],
					[
						8020.83333333333,
						4,
						0
					],
					[
						6666.66666666667,
						7,
						0
					],
					[
						6875,
						6,
						0
					]
				],
				"mustHitSection": false
			},
			{
				"lengthInSteps": 16,
				"sectionNotes": [
					[
						8437.5,
						1,
						0
					],
					[
						8645.83333333333,
						0,
						0
					],
					[
						8854.16666666667,
						2,
						0
					],
					[
						9062.5,
						3,
						0
					],
					[
						9270.83333333333,
						1,
						0
					],
					[
						9479.16666666667,
						3,
						0
					],
					[
						9687.5,
						2,
						0
					],
					[
						9895.83333333333,
						3,
						0
					],
					[
						8750,
						4,
						0
					],
					[
						9062.5,
						4,
						0
					],
					[
						9375,
						4,
						0
					],
					[
						9687.5,
						4,
						0
					],
					[
						8437.5,
						6,
						0
					],
					[
						9791.66666666667,
						7,
						0
					]
				],
				"mustHitSection": false
			},
			{
				"lengthInSteps": 16,
				"sectionNotes": [
					[
						10104.1666666667,
						1,
						0
					],
					[
						10312.5,
						0,
						0
					],
					[
						11562.5,
						0,
						0
					],
					[
						10520.8333333333,
						3,
						0
					],
					[
						10729.1666666667,
						1,
						0
					],
					[
						10937.5,
						3,
						0
					],
					[
						11145.8333333333,
						2,
						0
					],
					[
						11354.1666666667,
						3,
						0
					],
					[
						10416.6666666667,
						4,
						0
					],
					[
						10729.1666666667,
						4,
						0
					],
					[
						11041.6666666667,
						4,
						0
					],
					[
						11354.1666666667,
						4,
						0
					],
					[
						10000,
						7,
						0
					],
					[
						10208.3333333333,
						6,
						0
					]
				],
				"mustHitSection": false
			},
			{
				"sectionNotes": [
					[
						11770.8333333333,
						5,
						0
					],
					[
						11979.1666666667,
						4,
						0
					],
					[
						12187.5,
						6,
						0
					],
					[
						12395.8333333333,
						4,
						0
					],
					[
						12604.1666666667,
						5,
						0
					],
					[
						12812.5,
						7,
						0
					],
					[
						13020.8333333333,
						6,
						0
					],
					[
						13229.1666666667,
						7,
						0
					],
					[
						11875,
						3,
						0
					],
					[
						12083.3333333333,
						0,
						0
					],
					[
						12395.8333333333,
						0,
						0
					],
					[
						12708.3333333333,
						0,
						0
					],
					[
						13020.8333333333,
						0,
						0
					],
					[
						13125,
						3,
						0
					]
				],
				"typeOfSection": 0,
				"lengthInSteps": 16,
				"altAnim": false,
				"mustHitSection": true,
				"changeBPM": false,
				"bpm": 144
			},
			{
				"sectionNotes": [
					[
						13437.5,
						5,
						0
					],
					[
						13645.8333333333,
						4,
						0
					],
					[
						13854.1666666667,
						6,
						0
					],
					[
						14062.5,
						7,
						0
					],
					[
						14687.5,
						6,
						0
					],
					[
						14895.8333333333,
						7,
						0
					],
					[
						14479.1666666667,
						4,
						0
					],
					[
						14270.8333333333,
						5,
						0
					],
					[
						13750,
						0,
						0
					],
					[
						14062.5,
						0,
						0
					],
					[
						14375,
						0,
						0
					],
					[
						14687.5,
						0,
						0
					],
					[
						13333.3333333333,
						3,
						0
					],
					[
						13541.6666666667,
						1,
						0
					]
				],
				"typeOfSection": 0,
				"lengthInSteps": 16,
				"altAnim": false,
				"mustHitSection": true,
				"changeBPM": false,
				"bpm": 144
			},
			{
				"sectionNotes": [
					[
						15104.1666666667,
						1,
						0
					],
					[
						15312.5,
						0,
						0
					],
					[
						15520.8333333333,
						2,
						0
					],
					[
						15729.1666666667,
						3,
						0
					],
					[
						15937.5,
						1,
						0
					],
					[
						16145.8333333333,
						3,
						0
					],
					[
						16354.1666666667,
						2,
						0
					],
					[
						16562.5,
						3,
						0
					],
					[
						15416.6666666667,
						4,
						0
					],
					[
						15729.1666666667,
						4,
						0
					],
					[
						16041.6666666667,
						4,
						0
					],
					[
						16354.1666666667,
						4,
						0
					],
					[
						15104.1666666667,
						6,
						0
					],
					[
						16458.3333333333,
						7,
						0
					]
				],
				"typeOfSection": 0,
				"lengthInSteps": 16,
				"altAnim": false,
				"mustHitSection": false,
				"changeBPM": false,
				"bpm": 144
			},
			{
				"sectionNotes": [
					[
						16770.8333333333,
						1,
						0
					],
					[
						16979.1666666667,
						0,
						0
					],
					[
						18229.1666666667,
						0,
						0
					],
					[
						17187.5,
						3,
						0
					],
					[
						17395.8333333333,
						1,
						0
					],
					[
						17604.1666666667,
						3,
						0
					],
					[
						17812.5,
						2,
						0
					],
					[
						18020.8333333333,
						3,
						0
					],
					[
						16666.6666666667,
						7,
						0
					],
					[
						17083.3333333333,
						4,
						0
					],
					[
						17395.8333333333,
						4,
						0
					],
					[
						17708.3333333333,
						4,
						0
					],
					[
						18020.8333333333,
						4,
						0
					],
					[
						16770.8333333333,
						6,
						0
					]
				],
				"typeOfSection": 0,
				"lengthInSteps": 16,
				"altAnim": false,
				"mustHitSection": false,
				"changeBPM": false,
				"bpm": 144
			},
			{
				"sectionNotes": [
					[
						18437.5,
						5,
						0
					],
					[
						18645.8333333333,
						4,
						0
					],
					[
						18854.1666666667,
						6,
						0
					],
					[
						19062.5,
						4,
						0
					],
					[
						19270.8333333333,
						5,
						0
					],
					[
						19479.1666666667,
						7,
						0
					],
					[
						19687.5,
						6,
						0
					],
					[
						19895.8333333333,
						7,
						0
					],
					[
						18750,
						0,
						0
					],
					[
						19062.5,
						0,
						0
					],
					[
						18437.5,
						2,
						0
					],
					[
						19687.5,
						3,
						0
					],
					[
						19895.8333333333,
						3,
						0
					],
					[
						19375,
						0,
						0
					]
				],
				"typeOfSection": 0,
				"lengthInSteps": 16,
				"altAnim": false,
				"mustHitSection": true,
				"changeBPM": false,
				"bpm": 144
			},
			{
				"sectionNotes": [
					[
						20104.1666666667,
						1,
						0
					],
					[
						20312.5,
						0,
						0
					],
					[
						20416.6666666667,
						0,
						0
					],
					[
						20520.8333333333,
						3,
						0
					],
					[
						20625,
						3,
						0
					],
					[
						20729.1666666667,
						2,
						0
					],
					[
						20833.3333333333,
						0,
						0
					],
					[
						21562.5,
						5,
						0
					],
					[
						21458.3333333333,
						7,
						0
					],
					[
						21406.25,
						4,
						0
					],
					[
						21354.1666666667,
						7,
						0
					],
					[
						21302.0833333333,
						4,
						0
					],
					[
						21041.6666666667,
						2,
						312.5
					]
				],
				"typeOfSection": 0,
				"lengthInSteps": 16,
				"altAnim": false,
				"mustHitSection": true,
				"changeBPM": false,
				"bpm": 144
			},
			{
				"sectionNotes": [
					[
						21666.6666666667,
						5,
						0
					],
					[
						21979.1666666667,
						3,
						0,
						"GF Sing"
					],
					[
						22187.5,
						2,
						0,
						"GF Sing"
					],
					[
						22291.6666666667,
						0,
						0,
						"GF Sing"
					],
					[
						22395.8333333333,
						1,
						0,
						"GF Sing"
					],
					[
						22500,
						0,
						0,
						"GF Sing"
					],
					[
						22604.1666666667,
						3,
						0,
						"GF Sing"
					],
					[
						22708.3333333333,
						3,
						0,
						"GF Sing"
					],
					[
						22812.5,
						1,
						0,
						"GF Sing"
					],
					[
						22916.6666666667,
						0,
						0,
						"GF Sing"
					],
					[
						23020.8333333333,
						1,
						0,
						"GF Sing"
					],
					[
						23125,
						3,
						0,
						"GF Sing"
					],
					[
						23229.1666666667,
						1,
						0,
						"GF Sing"
					],
					[
						21666.6666666667,
						-1,
						"Camera Follow Pos",
						"750",
						"400"
					]
				],
				"typeOfSection": 0,
				"lengthInSteps": 16,
				"altAnim": false,
				"mustHitSection": true,
				"changeBPM": false,
				"bpm": 144
			},
			{
				"sectionNotes": [
					[
						23645.8333333333,
						2,
						0
					],
					[
						23645.8333333333,
						0,
						0,
						"GF Sing"
					],
					[
						24270.8333333333,
						2,
						0
					],
					[
						23958.3333333333,
						2,
						0
					],
					[
						24583.3333333333,
						2,
						0
					],
					[
						24895.8333333333,
						3,
						0
					],
					[
						23958.3333333333,
						0,
						0,
						"GF Sing"
					],
					[
						24270.8333333333,
						0,
						0,
						"GF Sing"
					],
					[
						24583.3333333333,
						0,
						0,
						"GF Sing"
					],
					[
						23437.5,
						3,
						0,
						"GF Sing"
					],
					[
						23333.3333333333,
						0,
						0,
						"GF Sing"
					],
					[
						24895.8333333333,
						1,
						0,
						"GF Sing"
					]
				],
				"typeOfSection": 0,
				"lengthInSteps": 16,
				"altAnim": false,
				"mustHitSection": true,
				"changeBPM": false,
				"bpm": 144
			},
			{
				"sectionNotes": [
					[
						25312.5,
						3,
						0,
						"GF Sing"
					],
					[
						25520.8333333333,
						0,
						0,
						"GF Sing"
					],
					[
						25625,
						2,
						0,
						"GF Sing"
					],
					[
						25729.1666666667,
						3,
						0,
						"GF Sing"
					],
					[
						25937.5,
						3,
						0,
						"GF Sing"
					],
					[
						26041.6666666667,
						0,
						0,
						"GF Sing"
					],
					[
						26145.8333333333,
						1,
						0,
						"GF Sing"
					],
					[
						26354.1666666667,
						3,
						0,
						"GF Sing"
					],
					[
						26562.5,
						1,
						0,
						"GF Sing"
					]
				],
				"typeOfSection": 0,
				"lengthInSteps": 16,
				"altAnim": false,
				"mustHitSection": true,
				"changeBPM": false,
				"bpm": 144
			},
			{
				"sectionNotes": [
					[
						26770.8333333333,
						0,
						0,
						"GF Sing"
					],
					[
						26979.1666666667,
						3,
						0,
						"GF Sing"
					],
					[
						27291.6666666667,
						3,
						0,
						"GF Sing"
					],
					[
						27604.1666666667,
						3,
						0,
						"GF Sing"
					],
					[
						27916.6666666667,
						3,
						0,
						"GF Sing"
					],
					[
						28125,
						2,
						0,
						"GF Sing"
					],
					[
						26979.1666666667,
						0,
						0
					],
					[
						27291.6666666667,
						0,
						0
					],
					[
						27604.1666666667,
						0,
						0
					],
					[
						27916.6666666667,
						0,
						0
					],
					[
						28125,
						1,
						0
					],
					[
						27395.8333333333,
						4,
						0
					],
					[
						27500,
						7,
						0
					],
					[
						27604.1666666667,
						4,
						0
					],
					[
						27708.3333333333,
						7,
						0
					],
					[
						27812.5,
						4,
						0
					],
					[
						27916.6666666667,
						7,
						0
					],
					[
						28020.8333333333,
						4,
						0
					],
					[
						28125,
						7,
						0
					],
					[
						28229.1666666667,
						5,
						312.5
					],
					[
						27291.6666666667,
						5,
						0
					]
				],
				"typeOfSection": 0,
				"lengthInSteps": 16,
				"altAnim": false,
				"mustHitSection": true,
				"changeBPM": false,
				"bpm": 144
			},
			{
				"sectionNotes": [
					[
						28333.3333333333,
						-1,
						"Camera Follow Pos",
						"",
						""
					],
					[
						28645.8333333333,
						6,
						1562.5
					],
					[
						28437.5,
						3,
						0
					],
					[
						28750,
						0,
						0
					],
					[
						29062.5,
						0,
						0
					],
					[
						29375,
						0,
						0
					],
					[
						29687.5,
						0,
						0
					]
				],
				"typeOfSection": 0,
				"lengthInSteps": 16,
				"altAnim": false,
				"mustHitSection": true,
				"changeBPM": false,
				"bpm": 144
			},
			{
				"sectionNotes": [
					[
						30312.5,
						7,
						1562.5
					],
					[
						30104.1666666667,
						2,
						0
					],
					[
						30312.5,
						0,
						0
					],
					[
						30625,
						0,
						0
					],
					[
						30937.5,
						0,
						0
					],
					[
						31458.3333333333,
						3,
						0
					],
					[
						31250,
						0,
						0
					]
				],
				"typeOfSection": 0,
				"lengthInSteps": 16,
				"altAnim": false,
				"mustHitSection": true,
				"changeBPM": false,
				"bpm": 144
			},
			{
				"sectionNotes": [
					[
						31979.1666666667,
						4,
						1666.66666666667
					],
					[
						31666.6666666667,
						3,
						0
					],
					[
						32083.3333333333,
						0,
						0
					],
					[
						31770.8333333333,
						2,
						0
					],
					[
						32395.8333333333,
						0,
						0
					],
					[
						32708.3333333333,
						0,
						0
					],
					[
						33020.8333333333,
						0,
						0
					]
				],
				"typeOfSection": 0,
				"lengthInSteps": 16,
				"altAnim": false,
				"mustHitSection": true,
				"changeBPM": false,
				"bpm": 144
			},
			{
				"sectionNotes": [
					[
						33750,
						7,
						3854.16666666666
					],
					[
						33437.5,
						3,
						0
					],
					[
						33645.8333333333,
						0,
						0
					],
					[
						33958.3333333333,
						0,
						0
					],
					[
						34270.8333333333,
						0,
						0
					],
					[
						34583.3333333333,
						0,
						0
					],
					[
						34791.6666666667,
						3,
						0
					]
				],
				"typeOfSection": 0,
				"lengthInSteps": 16,
				"altAnim": false,
				"mustHitSection": true,
				"changeBPM": false,
				"bpm": 144
			},
			{
				"sectionNotes": [
					[
						35416.6666666667,
						0,
						0
					],
					[
						35729.1666666667,
						0,
						0
					],
					[
						36041.6666666667,
						0,
						0
					],
					[
						36354.1666666667,
						0,
						0
					],
					[
						35000,
						3,
						0
					],
					[
						35104.1666666667,
						1,
						0
					]
				],
				"typeOfSection": 0,
				"lengthInSteps": 16,
				"altAnim": false,
				"mustHitSection": true,
				"changeBPM": false,
				"bpm": 144
			},
			{
				"sectionNotes": [
					[
						37083.3333333333,
						0,
						0
					],
					[
						37395.8333333333,
						0,
						0
					],
					[
						37708.3333333333,
						0,
						0
					],
					[
						38020.8333333333,
						0,
						0
					],
					[
						36770.8333333333,
						2,
						0
					],
					[
						38125,
						3,
						0
					]
				],
				"typeOfSection": 0,
				"lengthInSteps": 16,
				"altAnim": false,
				"mustHitSection": true,
				"changeBPM": false,
				"bpm": 144
			},
			{
				"sectionNotes": [
					[
						38437.5,
						2,
						0
					],
					[
						38750,
						0,
						0
					],
					[
						39062.5,
						0,
						0
					],
					[
						39375,
						0,
						0
					],
					[
						39687.5,
						0,
						0
					],
					[
						38333.3333333333,
						3,
						0
					]
				],
				"typeOfSection": 0,
				"lengthInSteps": 16,
				"altAnim": false,
				"mustHitSection": true,
				"changeBPM": false,
				"bpm": 144
			},
			{
				"sectionNotes": [
					[
						40000,
						3,
						416.666666666667
					],
					[
						40520.8333333333,
						2,
						416.666666666667
					],
					[
						41041.6666666667,
						0,
						416.666666666667
					],
					[
						41562.5,
						3,
						0
					],
					[
						40416.6666666667,
						4,
						0
					],
					[
						40729.1666666667,
						4,
						0
					],
					[
						41041.6666666667,
						4,
						0
					],
					[
						41354.1666666667,
						4,
						0
					],
					[
						40104.1666666667,
						6,
						0
					],
					[
						41458.3333333333,
						7,
						0
					]
				],
				"typeOfSection": 0,
				"lengthInSteps": 16,
				"altAnim": false,
				"mustHitSection": false,
				"changeBPM": false,
				"bpm": 144
			},
			{
				"sectionNotes": [
					[
						41979.1666666667,
						0,
						0
					],
					[
						42187.5,
						2,
						0
					],
					[
						42395.8333333333,
						3,
						0
					],
					[
						42604.1666666667,
						1,
						0
					],
					[
						42812.5,
						0,
						0
					],
					[
						43020.8333333333,
						2,
						0
					],
					[
						43229.1666666667,
						3,
						0
					],
					[
						41770.8333333333,
						1,
						0
					],
					[
						42083.3333333333,
						4,
						0
					],
					[
						42395.8333333333,
						4,
						0
					],
					[
						42708.3333333333,
						4,
						0
					],
					[
						43020.8333333333,
						4,
						0
					],
					[
						41666.6666666667,
						7,
						0
					],
					[
						41875,
						6,
						0
					]
				],
				"typeOfSection": 0,
				"lengthInSteps": 16,
				"altAnim": false,
				"mustHitSection": false,
				"changeBPM": false,
				"bpm": 144
			},
			{
				"lengthInSteps": 16,
				"typeOfSection": 0,
				"sectionNotes": [
					[
						43437.5,
						1,
						0
					],
					[
						43645.8333333333,
						0,
						0
					],
					[
						43854.1666666667,
						2,
						0
					],
					[
						44062.5,
						3,
						0
					],
					[
						44270.8333333333,
						1,
						0
					],
					[
						44479.1666666667,
						3,
						0
					],
					[
						44687.5,
						2,
						0
					],
					[
						44895.8333333333,
						3,
						0
					],
					[
						43750,
						4,
						0
					],
					[
						44062.5,
						4,
						0
					],
					[
						44375,
						4,
						0
					],
					[
						44687.5,
						4,
						0
					],
					[
						43437.5,
						6,
						0
					],
					[
						44791.6666666667,
						7,
						0
					]
				],
				"altAnim": false,
				"bpm": 144,
				"changeBPM": false,
				"mustHitSection": false
			},
			{
				"lengthInSteps": 16,
				"typeOfSection": 0,
				"sectionNotes": [
					[
						45104.1666666667,
						1,
						0
					],
					[
						45312.5,
						0,
						0
					],
					[
						46562.5,
						0,
						0
					],
					[
						45520.8333333333,
						3,
						0
					],
					[
						45729.1666666667,
						1,
						0
					],
					[
						45937.5,
						3,
						0
					],
					[
						46145.8333333333,
						2,
						0
					],
					[
						46354.1666666667,
						3,
						0
					],
					[
						45416.6666666667,
						4,
						0
					],
					[
						45729.1666666667,
						4,
						0
					],
					[
						46041.6666666667,
						4,
						0
					],
					[
						46354.1666666667,
						4,
						0
					],
					[
						45000,
						7,
						0
					],
					[
						45208.3333333333,
						6,
						0
					]
				],
				"altAnim": false,
				"bpm": 144,
				"changeBPM": false,
				"mustHitSection": false
			},
			{
				"lengthInSteps": 16,
				"typeOfSection": 0,
				"sectionNotes": [
					[
						46770.8333333333,
						5,
						0
					],
					[
						46979.1666666667,
						4,
						0
					],
					[
						47187.5,
						6,
						0
					],
					[
						47395.8333333333,
						4,
						0
					],
					[
						47604.1666666667,
						5,
						0
					],
					[
						47812.5,
						7,
						0
					],
					[
						48020.8333333333,
						6,
						0
					],
					[
						48229.1666666667,
						7,
						0
					],
					[
						46875,
						3,
						0
					],
					[
						47083.3333333333,
						0,
						0
					],
					[
						47395.8333333333,
						0,
						0
					],
					[
						47708.3333333333,
						0,
						0
					],
					[
						48020.8333333333,
						0,
						0
					],
					[
						48125,
						3,
						0
					]
				],
				"altAnim": false,
				"bpm": 144,
				"changeBPM": false,
				"mustHitSection": true
			},
			{
				"lengthInSteps": 16,
				"typeOfSection": 0,
				"sectionNotes": [
					[
						48437.5,
						5,
						0
					],
					[
						48645.8333333333,
						4,
						0
					],
					[
						48854.1666666667,
						6,
						0
					],
					[
						49062.5,
						7,
						0
					],
					[
						49687.5,
						6,
						0
					],
					[
						49895.8333333333,
						7,
						0
					],
					[
						49479.1666666667,
						4,
						0
					],
					[
						49270.8333333333,
						5,
						0
					],
					[
						48750,
						0,
						0
					],
					[
						49062.5,
						0,
						0
					],
					[
						49375,
						0,
						0
					],
					[
						49687.5,
						0,
						0
					],
					[
						48333.3333333333,
						3,
						0
					],
					[
						48541.6666666667,
						1,
						0
					]
				],
				"altAnim": false,
				"bpm": 144,
				"changeBPM": false,
				"mustHitSection": true
			},
			{
				"lengthInSteps": 16,
				"typeOfSection": 0,
				"sectionNotes": [],
				"altAnim": false,
				"bpm": 144,
				"changeBPM": false,
				"mustHitSection": true
			},
			{
				"sectionNotes": [],
				"typeOfSection": 0,
				"lengthInSteps": 16,
				"altAnim": false,
				"mustHitSection": true,
				"changeBPM": false,
				"bpm": 144
			},
			{
				"sectionNotes": [],
				"typeOfSection": 0,
				"lengthInSteps": 16,
				"altAnim": false,
				"mustHitSection": true,
				"changeBPM": false,
				"bpm": 144
			},
			{
				"gfSection": false,
				"lengthInSteps": 16,
				"altAnim": false,
				"typeOfSection": 0,
				"sectionNotes": [],
				"bpm": 144,
				"changeBPM": false,
				"mustHitSection": true
			}
		],
		"player3": "gf",
		"song": "Smash",
		"needsVoices": false,
		"validScore": true,
		"speed": 2,
		"bpm": 144
	}
}