﻿<?xml version="1.0" encoding="utf-8"?>
<TextureAtlas imagePath="bottomBop.png">
	<!-- Created with Adobe Animate version 21.0.1.37179 -->
	<!-- http://www.adobe.com/products/animate.html -->
	<SubTexture name="Bottom Level Boppers Idle0000" x="4" y="4" width="1975" height="661" pivotX="3.2" pivotY="13.95" frameX="-3" frameY="-13" frameWidth="1978" frameHeight="674"/>
	<SubTexture name="Bottom Level Boppers Idle0001" x="4" y="4" width="1975" height="661" frameX="-3" frameY="-13" frameWidth="1978" frameHeight="674"/>
	<SubTexture name="Bottom Level Boppers Idle0002" x="1983" y="4" width="1972" height="664" frameX="-4" frameY="-10" frameWidth="1978" frameHeight="674"/>
	<SubTexture name="Bottom Level Boppers Idle0003" x="1983" y="4" width="1972" height="664" frameX="-4" frameY="-10" frameWidth="1978" frameHeight="674"/>
	<SubTexture name="Bottom Level Boppers Idle0004" x="4" y="672" width="1973" height="672" frameX="0" frameY="-2" frameWidth="1978" frameHeight="674"/>
	<SubTexture name="Bottom Level Boppers Idle0005" x="4" y="672" width="1973" height="672" frameX="0" frameY="-2" frameWidth="1978" frameHeight="674"/>
	<SubTexture name="Bottom Level Boppers Idle0006" x="1981" y="672" width="1973" height="674" frameX="0" frameY="0" frameWidth="1978" frameHeight="674"/>
	<SubTexture name="Bottom Level Boppers Idle0007" x="1981" y="672" width="1973" height="674" frameX="0" frameY="0" frameWidth="1978" frameHeight="674"/>
	<SubTexture name="Bottom Level Boppers Idle0008" x="1981" y="672" width="1973" height="674" frameX="0" frameY="0" frameWidth="1978" frameHeight="674"/>
	<SubTexture name="Bottom Level Boppers Idle0009" x="1981" y="672" width="1973" height="674" frameX="0" frameY="0" frameWidth="1978" frameHeight="674"/>
	<SubTexture name="Bottom Level Boppers Idle0010" x="1981" y="672" width="1973" height="674" frameX="0" frameY="0" frameWidth="1978" frameHeight="674"/>
	<SubTexture name="Bottom Level Boppers Idle0011" x="1981" y="672" width="1973" height="674" frameX="0" frameY="0" frameWidth="1978" frameHeight="674"/>
	<SubTexture name="Bottom Level Boppers Idle0012" x="1981" y="672" width="1973" height="674" frameX="0" frameY="0" frameWidth="1978" frameHeight="674"/>
	<SubTexture name="Bottom Level Boppers Idle0013" x="1981" y="672" width="1973" height="674" frameX="0" frameY="0" frameWidth="1978" frameHeight="674"/>
	<SubTexture name="Bottom Level Boppers HEY!!0000" x="4" y="1350" width="1882" height="705" pivotX="-12.75" pivotY="44.35" frameX="-7" frameY="0" frameWidth="1902" frameHeight="705"/>
	<SubTexture name="Bottom Level Boppers HEY!!0001" x="4" y="1350" width="1882" height="705" frameX="-7" frameY="0" frameWidth="1902" frameHeight="705"/>
	<SubTexture name="Bottom Level Boppers HEY!!0002" x="1890" y="1350" width="1893" height="698" frameX="-6" frameY="-7" frameWidth="1902" frameHeight="705"/>
	<SubTexture name="Bottom Level Boppers HEY!!0003" x="1890" y="1350" width="1893" height="698" frameX="-6" frameY="-7" frameWidth="1902" frameHeight="705"/>
	<SubTexture name="Bottom Level Boppers HEY!!0004" x="4" y="2059" width="1897" height="686" frameX="-3" frameY="-19" frameWidth="1902" frameHeight="705"/>
	<SubTexture name="Bottom Level Boppers HEY!!0005" x="4" y="2059" width="1897" height="686" frameX="-3" frameY="-19" frameWidth="1902" frameHeight="705"/>
	<SubTexture name="Bottom Level Boppers HEY!!0006" x="1905" y="2059" width="1902" height="685" frameX="0" frameY="-20" frameWidth="1902" frameHeight="705"/>
	<SubTexture name="Bottom Level Boppers HEY!!0007" x="1905" y="2059" width="1902" height="685" frameX="0" frameY="-20" frameWidth="1902" frameHeight="705"/>
	<SubTexture name="Bottom Level Boppers HEY!!0008" x="1905" y="2059" width="1902" height="685" frameX="0" frameY="-20" frameWidth="1902" frameHeight="705"/>
	<SubTexture name="Bottom Level Boppers HEY!!0009" x="1905" y="2059" width="1902" height="685" frameX="0" frameY="-20" frameWidth="1902" frameHeight="705"/>
	<SubTexture name="Bottom Level Boppers HEY!!0010" x="1905" y="2059" width="1902" height="685" frameX="0" frameY="-20" frameWidth="1902" frameHeight="705"/>
	<SubTexture name="Bottom Level Boppers HEY!!0011" x="1905" y="2059" width="1902" height="685" frameX="0" frameY="-20" frameWidth="1902" frameHeight="705"/>
	<SubTexture name="Bottom Level Boppers HEY!!0012" x="1905" y="2059" width="1902" height="685" frameX="0" frameY="-20" frameWidth="1902" frameHeight="705"/>
	<SubTexture name="Bottom Level Boppers HEY!!0013" x="1905" y="2059" width="1902" height="685" frameX="0" frameY="-20" frameWidth="1902" frameHeight="705"/>
</TextureAtlas>
