﻿<?xml version="1.0" encoding="utf-8"?>
<TextureAtlas imagePath="Monster_Assets.png">
	<!-- Created with Adobe Animate version 21.0.1.37179 -->
	<!-- http://www.adobe.com/products/animate.html -->
	<SubTexture name="Monster Right note0000" x="0" y="0" width="381" height="692"/>
	<SubTexture name="Monster Right note0001" x="0" y="0" width="381" height="692"/>
	<SubTexture name="Monster Right note0002" x="381" y="0" width="381" height="692"/>
	<SubTexture name="Monster Right note0003" x="381" y="0" width="381" height="692"/>
	<SubTexture name="Monster Right note0004" x="381" y="0" width="381" height="692"/>
	<SubTexture name="Monster Right note0005" x="381" y="0" width="381" height="692"/>
	<SubTexture name="Monster Right note0006" x="381" y="0" width="381" height="692"/>
	<SubTexture name="Monster Right note0007" x="381" y="0" width="381" height="692"/>
	<SubTexture name="Monster Right note0008" x="381" y="0" width="381" height="692"/>
	<SubTexture name="Monster Right note0009" x="381" y="0" width="381" height="692"/>
	<SubTexture name="Monster Right note0010" x="381" y="0" width="381" height="692"/>
	<SubTexture name="Monster Right note0011" x="381" y="0" width="381" height="692"/>
	<SubTexture name="Monster Right note0012" x="381" y="0" width="381" height="692"/>
	<SubTexture name="Monster Right note0013" x="381" y="0" width="381" height="692"/>
	<SubTexture name="Monster Right note0014" x="381" y="0" width="381" height="692"/>
	<SubTexture name="Monster left note0000" x="762" y="0" width="476" height="678"/>
	<SubTexture name="Monster left note0001" x="762" y="0" width="476" height="678"/>
	<SubTexture name="Monster left note0002" x="1238" y="0" width="476" height="678"/>
	<SubTexture name="Monster left note0003" x="1238" y="0" width="476" height="678"/>
	<SubTexture name="Monster left note0004" x="1238" y="0" width="476" height="678"/>
	<SubTexture name="Monster left note0005" x="1238" y="0" width="476" height="678"/>
	<SubTexture name="Monster left note0006" x="1238" y="0" width="476" height="678"/>
	<SubTexture name="Monster left note0007" x="1238" y="0" width="476" height="678"/>
	<SubTexture name="Monster left note0008" x="1238" y="0" width="476" height="678"/>
	<SubTexture name="Monster left note0009" x="1238" y="0" width="476" height="678"/>
	<SubTexture name="Monster left note0010" x="1238" y="0" width="476" height="678"/>
	<SubTexture name="Monster left note0011" x="1238" y="0" width="476" height="678"/>
	<SubTexture name="Monster left note0012" x="1238" y="0" width="476" height="678"/>
	<SubTexture name="Monster left note0013" x="1238" y="0" width="476" height="678"/>
	<SubTexture name="Monster left note0014" x="1238" y="0" width="476" height="678"/>
	<SubTexture name="Monster left note0015" x="1238" y="0" width="476" height="678"/>
	<SubTexture name="Monster left note0016" x="1238" y="0" width="476" height="678"/>
	<SubTexture name="Monster left note0017" x="1238" y="0" width="476" height="678"/>
	<SubTexture name="Monster left note0018" x="1238" y="0" width="476" height="678"/>
	<SubTexture name="Monster left note0019" x="1238" y="0" width="476" height="678"/>
	<SubTexture name="monster down0000" x="0" y="692" width="440" height="590"/>
	<SubTexture name="monster down0001" x="0" y="692" width="440" height="590"/>
	<SubTexture name="monster down0002" x="440" y="692" width="440" height="590"/>
	<SubTexture name="monster down0003" x="440" y="692" width="440" height="590"/>
	<SubTexture name="monster down0004" x="440" y="692" width="440" height="590"/>
	<SubTexture name="monster down0005" x="440" y="692" width="440" height="590"/>
	<SubTexture name="monster down0006" x="440" y="692" width="440" height="590"/>
	<SubTexture name="monster down0007" x="440" y="692" width="440" height="590"/>
	<SubTexture name="monster down0008" x="440" y="692" width="440" height="590"/>
	<SubTexture name="monster down0009" x="440" y="692" width="440" height="590"/>
	<SubTexture name="monster down0010" x="440" y="692" width="440" height="590"/>
	<SubTexture name="monster down0011" x="440" y="692" width="440" height="590"/>
	<SubTexture name="monster down0012" x="440" y="692" width="440" height="590"/>
	<SubTexture name="monster down0013" x="440" y="692" width="440" height="590"/>
	<SubTexture name="monster down0014" x="440" y="692" width="440" height="590"/>
	<SubTexture name="monster down0015" x="440" y="692" width="440" height="590"/>
	<SubTexture name="monster down0016" x="440" y="692" width="440" height="590"/>
	<SubTexture name="monster down0017" x="440" y="692" width="440" height="590"/>
	<SubTexture name="monster down0018" x="440" y="692" width="440" height="590"/>
	<SubTexture name="monster down0019" x="440" y="692" width="440" height="590"/>
	<SubTexture name="monster down0020" x="440" y="692" width="440" height="590"/>
	<SubTexture name="monster down0021" x="440" y="692" width="440" height="590"/>
	<SubTexture name="monster down0022" x="440" y="692" width="440" height="590"/>
	<SubTexture name="monster down0023" x="440" y="692" width="440" height="590"/>
	<SubTexture name="monster down0024" x="440" y="692" width="440" height="590"/>
	<SubTexture name="monster down0025" x="440" y="692" width="440" height="590"/>
	<SubTexture name="monster down0026" x="440" y="692" width="440" height="590"/>
	<SubTexture name="monster down0027" x="440" y="692" width="440" height="590"/>
	<SubTexture name="monster down0028" x="440" y="692" width="440" height="590"/>
	<SubTexture name="monster down0029" x="440" y="692" width="440" height="590"/>
	<SubTexture name="monster idle0000" x="880" y="692" width="484" height="677"/>
	<SubTexture name="monster idle0001" x="880" y="692" width="484" height="677"/>
	<SubTexture name="monster idle0002" x="1364" y="692" width="484" height="677"/>
	<SubTexture name="monster idle0003" x="1364" y="692" width="484" height="677"/>
	<SubTexture name="monster idle0004" x="0" y="1369" width="484" height="677"/>
	<SubTexture name="monster idle0005" x="484" y="1369" width="484" height="677"/>
	<SubTexture name="monster idle0006" x="968" y="1369" width="484" height="677"/>
	<SubTexture name="monster idle0007" x="968" y="1369" width="484" height="677"/>
	<SubTexture name="monster idle0008" x="1452" y="1369" width="484" height="677"/>
	<SubTexture name="monster idle0009" x="1452" y="1369" width="484" height="677"/>
	<SubTexture name="monster idle0010" x="0" y="2046" width="484" height="677"/>
	<SubTexture name="monster idle0011" x="0" y="2046" width="484" height="677"/>
	<SubTexture name="monster idle0012" x="0" y="2046" width="484" height="677"/>
	<SubTexture name="monster idle0013" x="0" y="2046" width="484" height="677"/>
	<SubTexture name="monster idle0014" x="0" y="2046" width="484" height="677"/>
	<SubTexture name="monster up note0000" x="484" y="2046" width="418" height="760"/>
	<SubTexture name="monster up note0001" x="484" y="2046" width="418" height="760"/>
	<SubTexture name="monster up note0002" x="902" y="2046" width="418" height="760"/>
	<SubTexture name="monster up note0003" x="902" y="2046" width="418" height="760"/>
	<SubTexture name="monster up note0004" x="902" y="2046" width="418" height="760"/>
	<SubTexture name="monster up note0005" x="902" y="2046" width="418" height="760"/>
	<SubTexture name="monster up note0006" x="902" y="2046" width="418" height="760"/>
	<SubTexture name="monster up note0007" x="902" y="2046" width="418" height="760"/>
	<SubTexture name="monster up note0008" x="902" y="2046" width="418" height="760"/>
	<SubTexture name="monster up note0009" x="902" y="2046" width="418" height="760"/>
	<SubTexture name="monster up note0010" x="902" y="2046" width="418" height="760"/>
	<SubTexture name="monster up note0011" x="902" y="2046" width="418" height="760"/>
	<SubTexture name="monster up note0012" x="902" y="2046" width="418" height="760"/>
	<SubTexture name="monster up note0013" x="902" y="2046" width="418" height="760"/>
	<SubTexture name="monster up note0014" x="902" y="2046" width="418" height="760"/>
	<SubTexture name="monster up note0015" x="902" y="2046" width="418" height="760"/>
	<SubTexture name="monster up note0016" x="902" y="2046" width="418" height="760"/>
	<SubTexture name="monster up note0017" x="902" y="2046" width="418" height="760"/>
	<SubTexture name="monster up note0018" x="902" y="2046" width="418" height="760"/>
	<SubTexture name="monster up note0019" x="902" y="2046" width="418" height="760"/>
	<SubTexture name="monster up note0020" x="902" y="2046" width="418" height="760"/>
	<SubTexture name="monster up note0021" x="902" y="2046" width="418" height="760"/>
	<SubTexture name="monster up note0022" x="902" y="2046" width="418" height="760"/>
	<SubTexture name="monster up note0023" x="902" y="2046" width="418" height="760"/>
</TextureAtlas>
