﻿<?xml version="1.0" encoding="utf-8"?>
<TextureAtlas imagePath="menu_credits.png">
	<!-- Created with Adobe Animate version 21.0.1.37179 -->
	<!-- http://www.adobe.com/products/animate.html -->
	<SubTexture name="credits basic0000" x="4" y="4" width="474" height="126" pivotX="-5.3" pivotY="7.75"/>
	<SubTexture name="credits basic0001" x="4" y="4" width="474" height="126"/>
	<SubTexture name="credits basic0002" x="4" y="4" width="474" height="126"/>
	<SubTexture name="credits basic0003" x="478" y="4" width="474" height="126"/>
	<SubTexture name="credits basic0004" x="478" y="4" width="474" height="126"/>
	<SubTexture name="credits basic0005" x="478" y="4" width="474" height="126"/>
	<SubTexture name="credits basic0006" x="4" y="130" width="474" height="126"/>
	<SubTexture name="credits basic0007" x="4" y="130" width="474" height="126"/>
	<SubTexture name="credits basic0008" x="4" y="130" width="474" height="126"/>
	<SubTexture name="credits white0000" x="4" y="256" width="650" height="172" pivotX="22.35" pivotY="57.55" frameX="0" frameY="0" frameWidth="652" frameHeight="172"/>
	<SubTexture name="credits white0001" x="4" y="428" width="643" height="171" frameX="0" frameY="0" frameWidth="652" frameHeight="172"/>
	<SubTexture name="credits white0002" x="4" y="599" width="651" height="171" frameX="-1" frameY="0" frameWidth="652" frameHeight="172"/>
</TextureAtlas>
