﻿<?xml version="1.0" encoding="utf-8"?>
<TextureAtlas imagePath="bgGhouls.png">
	<!-- Created with Adobe Animate version 21.0.4.39603 -->
	<!-- http://www.adobe.com/products/animate.html -->
	<SubTexture name="BG freaks glitch instance 10000" x="0" y="0" width="453" height="90" pivotX="0" pivotY="0"/>
	<SubTexture name="BG freaks glitch instance 10001" x="0" y="0" width="453" height="90"/>
	<SubTexture name="BG freaks glitch instance 10002" x="453" y="0" width="453" height="90"/>
	<SubTexture name="BG freaks glitch instance 10003" x="453" y="0" width="453" height="90"/>
	<SubTexture name="BG freaks glitch instance 10004" x="0" y="90" width="453" height="90"/>
	<SubTexture name="BG freaks glitch instance 10005" x="0" y="90" width="453" height="90"/>
	<SubTexture name="BG freaks glitch instance 10006" x="453" y="90" width="453" height="90"/>
	<SubTexture name="BG freaks glitch instance 10007" x="453" y="90" width="453" height="90"/>
	<SubTexture name="BG freaks glitch instance 10008" x="0" y="180" width="453" height="90"/>
	<SubTexture name="BG freaks glitch instance 10009" x="0" y="180" width="453" height="90"/>
	<SubTexture name="BG freaks glitch instance 10010" x="453" y="180" width="453" height="90"/>
	<SubTexture name="BG freaks glitch instance 10011" x="453" y="180" width="453" height="90"/>
	<SubTexture name="BG freaks glitch instance 10012" x="0" y="270" width="453" height="90"/>
	<SubTexture name="BG freaks glitch instance 10013" x="0" y="270" width="453" height="90"/>
	<SubTexture name="BG freaks glitch instance 10014" x="453" y="270" width="453" height="90"/>
	<SubTexture name="BG freaks glitch instance 10015" x="453" y="270" width="453" height="90"/>
	<SubTexture name="BG freaks glitch instance 10016" x="0" y="360" width="453" height="90"/>
	<SubTexture name="BG freaks glitch instance 10017" x="0" y="360" width="453" height="90"/>
	<SubTexture name="BG freaks glitch instance 10018" x="453" y="360" width="453" height="90"/>
</TextureAtlas>
