<?xml version="1.0" encoding="utf-8"?>
<TextureAtlas imagePath="GF_assets.png">
	<!-- Created with Adobe Animate version 20.0.0.17400 -->
	<SubTexture name="GF Dancing Beat0000" x="0" y="0" width="704" height="635" frameX="0" frameY="-14" frameWidth="704" frameHeight="649"/>
	<SubTexture name="GF Dancing Beat0001" x="0" y="0" width="704" height="635" frameX="0" frameY="-14" frameWidth="704" frameHeight="649"/>
	<SubTexture name="GF Dancing Beat0002" x="704" y="0" width="704" height="633" frameX="0" frameY="-16" frameWidth="704" frameHeight="649"/>
	<SubTexture name="GF Dancing Beat0003" x="1408" y="0" width="704" height="633" frameX="0" frameY="-16" frameWidth="704" frameHeight="649"/>
	<SubTexture name="GF Dancing Beat0004" x="2112" y="0" width="704" height="636" frameX="0" frameY="-13" frameWidth="704" frameHeight="649"/>
	<SubTexture name="GF Dancing Beat0005" x="2816" y="0" width="704" height="636" frameX="0" frameY="-13" frameWidth="704" frameHeight="649"/>
	<SubTexture name="GF Dancing Beat0006" x="0" y="636" width="704" height="638" frameX="0" frameY="-11" frameWidth="704" frameHeight="649"/>
	<SubTexture name="GF Dancing Beat0007" x="704" y="636" width="704" height="648" frameX="0" frameY="-1" frameWidth="704" frameHeight="649"/>
	<SubTexture name="GF Dancing Beat0008" x="704" y="636" width="704" height="648" frameX="0" frameY="-1" frameWidth="704" frameHeight="649"/>
	<SubTexture name="GF Dancing Beat0009" x="704" y="636" width="704" height="648" frameX="0" frameY="-1" frameWidth="704" frameHeight="649"/>
	<SubTexture name="GF Dancing Beat0010" x="1408" y="636" width="704" height="649"/>
	<SubTexture name="GF Dancing Beat0011" x="1408" y="636" width="704" height="649"/>
	<SubTexture name="GF Dancing Beat0012" x="1408" y="636" width="704" height="649"/>
	<SubTexture name="GF Dancing Beat0013" x="2112" y="636" width="704" height="649"/>
	<SubTexture name="GF Dancing Beat0014" x="2112" y="636" width="704" height="649"/>
	<SubTexture name="GF Dancing Beat0015" x="2816" y="636" width="704" height="637" frameX="0" frameY="-12" frameWidth="704" frameHeight="649"/>
	<SubTexture name="GF Dancing Beat0016" x="2816" y="636" width="704" height="637" frameX="0" frameY="-12" frameWidth="704" frameHeight="649"/>
	<SubTexture name="GF Dancing Beat0017" x="0" y="1285" width="704" height="637" frameX="0" frameY="-12" frameWidth="704" frameHeight="649"/>
	<SubTexture name="GF Dancing Beat0018" x="704" y="1285" width="704" height="637" frameX="0" frameY="-12" frameWidth="704" frameHeight="649"/>
	<SubTexture name="GF Dancing Beat0019" x="1408" y="1285" width="704" height="638" frameX="0" frameY="-11" frameWidth="704" frameHeight="649"/>
	<SubTexture name="GF Dancing Beat0020" x="2112" y="1285" width="704" height="638" frameX="0" frameY="-11" frameWidth="704" frameHeight="649"/>
	<SubTexture name="GF Dancing Beat0021" x="2816" y="1285" width="704" height="639" frameX="0" frameY="-10" frameWidth="704" frameHeight="649"/>
	<SubTexture name="GF Dancing Beat0022" x="0" y="1924" width="704" height="644" frameX="0" frameY="-5" frameWidth="704" frameHeight="649"/>
	<SubTexture name="GF Dancing Beat0023" x="0" y="1924" width="704" height="644" frameX="0" frameY="-5" frameWidth="704" frameHeight="649"/>
	<SubTexture name="GF Dancing Beat0024" x="0" y="1924" width="704" height="644" frameX="0" frameY="-5" frameWidth="704" frameHeight="649"/>
	<SubTexture name="GF Dancing Beat0025" x="704" y="1924" width="704" height="643" frameX="0" frameY="-6" frameWidth="704" frameHeight="649"/>
	<SubTexture name="GF Dancing Beat0026" x="704" y="1924" width="704" height="643" frameX="0" frameY="-6" frameWidth="704" frameHeight="649"/>
	<SubTexture name="GF Dancing Beat0027" x="704" y="1924" width="704" height="643" frameX="0" frameY="-6" frameWidth="704" frameHeight="649"/>
	<SubTexture name="GF Dancing Beat0028" x="1408" y="1924" width="704" height="643" frameX="0" frameY="-6" frameWidth="704" frameHeight="649"/>
	<SubTexture name="GF Dancing Beat0029" x="1408" y="1924" width="704" height="643" frameX="0" frameY="-6" frameWidth="704" frameHeight="649"/>
	<SubTexture name="GF Dancing Beat Hair Landing0000" x="0" y="0" width="704" height="635" frameX="0" frameY="-14" frameWidth="704" frameHeight="649"/>
	<SubTexture name="GF Dancing Beat Hair blowing0000" x="2816" y="1924" width="704" height="637" frameX="-45" frameY="-1" frameWidth="749" frameHeight="637"/>
	<SubTexture name="GF Dancing Beat Hair blowing0001" x="2816" y="1924" width="704" height="637" frameX="-45" frameY="-1" frameWidth="749" frameHeight="637"/>
	<SubTexture name="GF Dancing Beat Hair blowing0002" x="0" y="2568" width="749" height="629" frameX="0" frameY="-11" frameWidth="749" frameHeight="637"/>
	<SubTexture name="GF Dancing Beat Hair blowing0003" x="749" y="2568" width="704" height="628" frameX="-45" frameY="-11" frameWidth="749" frameHeight="637"/>
	<SubTexture name="GF Dancing Beat Hair blowing0004" x="2816" y="1924" width="704" height="637" frameX="-45" frameY="-1" frameWidth="749" frameHeight="637"/>
	<SubTexture name="GF Down Note0000" x="1453" y="2568" width="704" height="632" frameX="0" frameY="-5" frameWidth="704" frameHeight="638"/>
	<SubTexture name="GF Down Note0001" x="1453" y="2568" width="704" height="632" frameX="0" frameY="-2" frameWidth="704" frameHeight="638"/>
	<SubTexture name="GF Down Note0002" x="2157" y="2568" width="704" height="638"/>
	<SubTexture name="GF Down Note0003" x="2157" y="2568" width="704" height="638"/>
	<SubTexture name="GF Down Note0004" x="2157" y="2568" width="704" height="638"/>
	<SubTexture name="GF Down Note0005" x="2157" y="2568" width="704" height="638"/>
	<SubTexture name="GF Down Note0006" x="2157" y="2568" width="704" height="638"/>
	<SubTexture name="GF Down Note0007" x="2157" y="2568" width="704" height="638"/>
	<SubTexture name="GF Down Note0008" x="2157" y="2568" width="704" height="638"/>
	<SubTexture name="GF Down Note0009" x="2157" y="2568" width="704" height="638"/>
	<SubTexture name="GF Down Note0010" x="2157" y="2568" width="704" height="638"/>
	<SubTexture name="GF Down Note0011" x="2157" y="2568" width="704" height="638"/>
	<SubTexture name="GF Down Note0012" x="2157" y="2568" width="704" height="638"/>
	<SubTexture name="GF Down Note0013" x="2157" y="2568" width="704" height="638"/>
	<SubTexture name="GF Down Note0014" x="2157" y="2568" width="704" height="638"/>
	<SubTexture name="GF Down Note0015" x="2157" y="2568" width="704" height="638"/>
	<SubTexture name="GF Down Note0016" x="2157" y="2568" width="704" height="638"/>
	<SubTexture name="GF Down Note0017" x="2157" y="2568" width="704" height="638"/>
	<SubTexture name="GF Down Note0018" x="2157" y="2568" width="704" height="638"/>
	<SubTexture name="GF Down Note0019" x="2157" y="2568" width="704" height="638"/>
	<SubTexture name="GF Right Note0000" x="2861" y="2568" width="704" height="638"/>
	<SubTexture name="GF Right Note0001" x="2861" y="2568" width="704" height="638"/>
	<SubTexture name="GF Right Note0002" x="0" y="3206" width="704" height="638"/>
	<SubTexture name="GF Right Note0003" x="0" y="3206" width="704" height="638"/>
	<SubTexture name="GF Right Note0004" x="0" y="3206" width="704" height="638"/>
	<SubTexture name="GF Right Note0005" x="0" y="3206" width="704" height="638"/>
	<SubTexture name="GF Right Note0006" x="0" y="3206" width="704" height="638"/>
	<SubTexture name="GF Right Note0007" x="0" y="3206" width="704" height="638"/>
	<SubTexture name="GF Right Note0008" x="0" y="3206" width="704" height="638"/>
	<SubTexture name="GF Right Note0009" x="0" y="3206" width="704" height="638"/>
	<SubTexture name="GF Right Note0010" x="0" y="3206" width="704" height="638"/>
	<SubTexture name="GF Right Note0011" x="0" y="3206" width="704" height="638"/>
	<SubTexture name="GF Right Note0012" x="0" y="3206" width="704" height="638"/>
	<SubTexture name="GF Right Note0013" x="0" y="3206" width="704" height="638"/>
	<SubTexture name="GF Right Note0014" x="0" y="3206" width="704" height="638"/>
	<SubTexture name="GF Up Note0000" x="704" y="3206" width="704" height="662"/>
	<SubTexture name="GF Up Note0001" x="704" y="3206" width="704" height="662"/>
	<SubTexture name="GF Up Note0002" x="1408" y="3206" width="704" height="662"/>
	<SubTexture name="GF Up Note0003" x="1408" y="3206" width="704" height="662"/>
	<SubTexture name="GF Up Note0004" x="1408" y="3206" width="704" height="662"/>
	<SubTexture name="GF Up Note0005" x="1408" y="3206" width="704" height="662"/>
	<SubTexture name="GF Up Note0006" x="1408" y="3206" width="704" height="662"/>
	<SubTexture name="GF left note0000" x="2112" y="3206" width="704" height="637" frameX="0" frameY="-1" frameWidth="704" frameHeight="638"/>
	<SubTexture name="GF left note0001" x="2112" y="3206" width="704" height="637" frameX="0" frameY="-1" frameWidth="704" frameHeight="638"/>
	<SubTexture name="GF left note0002" x="2816" y="3206" width="704" height="638"/>
	<SubTexture name="GF left note0003" x="2816" y="3206" width="704" height="638"/>
	<SubTexture name="GF left note0004" x="2816" y="3206" width="704" height="638"/>
	<SubTexture name="GF left note0005" x="2816" y="3206" width="704" height="638"/>
	<SubTexture name="GF left note0006" x="2816" y="3206" width="704" height="638"/>
	<SubTexture name="GF left note0007" x="2816" y="3206" width="704" height="638"/>
	<SubTexture name="GF left note0008" x="2816" y="3206" width="704" height="638"/>
	<SubTexture name="GF left note0009" x="2816" y="3206" width="704" height="638"/>
	<SubTexture name="GF left note0010" x="2816" y="3206" width="704" height="638"/>
	<SubTexture name="GF left note0011" x="2816" y="3206" width="704" height="638"/>
	<SubTexture name="GF left note0012" x="2816" y="3206" width="704" height="638"/>
	<SubTexture name="GF left note0013" x="2816" y="3206" width="704" height="638"/>
	<SubTexture name="GF left note0014" x="2816" y="3206" width="704" height="638"/>
<SubTexture name="GF Cheer0000" x="0" y="0" width="704" height="635" frameX="0" frameY="-14" frameWidth="704" frameHeight="649"/>
<SubTexture name="GF FEAR0000" x="0" y="0" width="704" height="635" frameX="0" frameY="-14" frameWidth="704" frameHeight="649"/>
<SubTexture name="gf sad0000" x="0" y="0" width="704" height="635" frameX="0" frameY="-14" frameWidth="704" frameHeight="649"/>
</TextureAtlas>

