﻿<?xml version="1.0" encoding="utf-8"?>
<TextureAtlas imagePath="gfChristmas.png">
	<!-- Created with Adobe Animate version 20.5.1.31044 -->
	<!-- http://www.adobe.com/products/animate.html -->
	<SubTexture name="GF Dancing Beat0000" x="0" y="0" width="817" height="701" frameX="0" frameY="-14" frameWidth="817" frameHeight="715"/>
	<SubTexture name="GF Dancing Beat0001" x="827" y="0" width="817" height="701" frameX="0" frameY="-14" frameWidth="817" frameHeight="715"/>
	<SubTexture name="GF Dancing Beat0002" x="1654" y="0" width="817" height="699" frameX="0" frameY="-16" frameWidth="817" frameHeight="715"/>
	<SubTexture name="GF Dancing Beat0003" x="2481" y="0" width="817" height="699" frameX="0" frameY="-16" frameWidth="817" frameHeight="715"/>
	<SubTexture name="GF Dancing Beat0004" x="0" y="711" width="817" height="702" frameX="0" frameY="-13" frameWidth="817" frameHeight="715"/>
	<SubTexture name="GF Dancing Beat0005" x="827" y="711" width="817" height="702" frameX="0" frameY="-13" frameWidth="817" frameHeight="715"/>
	<SubTexture name="GF Dancing Beat0006" x="1654" y="711" width="817" height="704" frameX="0" frameY="-11" frameWidth="817" frameHeight="715"/>
	<SubTexture name="GF Dancing Beat0007" x="2481" y="711" width="817" height="715"/>
	<SubTexture name="GF Dancing Beat0008" x="2481" y="711" width="817" height="715"/>
	<SubTexture name="GF Dancing Beat0009" x="2481" y="711" width="817" height="715"/>
	<SubTexture name="GF Dancing Beat0010" x="0" y="1436" width="817" height="715"/>
	<SubTexture name="GF Dancing Beat0011" x="0" y="1436" width="817" height="715"/>
	<SubTexture name="GF Dancing Beat0012" x="0" y="1436" width="817" height="715"/>
	<SubTexture name="GF Dancing Beat0013" x="827" y="1436" width="817" height="715"/>
	<SubTexture name="GF Dancing Beat0014" x="827" y="1436" width="817" height="715"/>
	<SubTexture name="GF Dancing Beat0015" x="1654" y="1436" width="817" height="703" frameX="0" frameY="-12" frameWidth="817" frameHeight="715"/>
	<SubTexture name="GF Dancing Beat0016" x="2481" y="1436" width="817" height="703" frameX="0" frameY="-12" frameWidth="817" frameHeight="715"/>
	<SubTexture name="GF Dancing Beat0017" x="0" y="2161" width="817" height="703" frameX="0" frameY="-12" frameWidth="817" frameHeight="715"/>
	<SubTexture name="GF Dancing Beat0018" x="827" y="2161" width="817" height="703" frameX="0" frameY="-12" frameWidth="817" frameHeight="715"/>
	<SubTexture name="GF Dancing Beat0019" x="1654" y="2161" width="817" height="704" frameX="0" frameY="-11" frameWidth="817" frameHeight="715"/>
	<SubTexture name="GF Dancing Beat0020" x="2481" y="2161" width="817" height="704" frameX="0" frameY="-11" frameWidth="817" frameHeight="715"/>
	<SubTexture name="GF Dancing Beat0021" x="0" y="2875" width="817" height="705" frameX="0" frameY="-10" frameWidth="817" frameHeight="715"/>
	<SubTexture name="GF Dancing Beat0022" x="827" y="2875" width="817" height="710" frameX="0" frameY="-5" frameWidth="817" frameHeight="715"/>
	<SubTexture name="GF Dancing Beat0023" x="827" y="2875" width="817" height="710" frameX="0" frameY="-5" frameWidth="817" frameHeight="715"/>
	<SubTexture name="GF Dancing Beat0024" x="827" y="2875" width="817" height="710" frameX="0" frameY="-5" frameWidth="817" frameHeight="715"/>
	<SubTexture name="GF Dancing Beat0025" x="1654" y="2875" width="817" height="709" frameX="0" frameY="-6" frameWidth="817" frameHeight="715"/>
	<SubTexture name="GF Dancing Beat0026" x="1654" y="2875" width="817" height="709" frameX="0" frameY="-6" frameWidth="817" frameHeight="715"/>
	<SubTexture name="GF Dancing Beat0027" x="1654" y="2875" width="817" height="709" frameX="0" frameY="-6" frameWidth="817" frameHeight="715"/>
	<SubTexture name="GF Dancing Beat0028" x="2481" y="2875" width="817" height="709" frameX="0" frameY="-6" frameWidth="817" frameHeight="715"/>
	<SubTexture name="GF Dancing Beat0029" x="2481" y="2875" width="817" height="709" frameX="0" frameY="-6" frameWidth="817" frameHeight="715"/>
</TextureAtlas>
