﻿<?xml version="1.0" encoding="utf-8"?>
<TextureAtlas imagePath="mom_dad_christmas_assets.png">
	<!-- Created with Adobe Animate version 20.0.0.17400 -->
	<!-- http://www.adobe.com/products/animate.html -->
	<SubTexture name="Parent Christmas Idle0000" x="0" y="0" width="885" height="782"/>
	<SubTexture name="Parent Christmas Idle0001" x="0" y="0" width="885" height="782"/>
	<SubTexture name="Parent Christmas Idle0002" x="885" y="0" width="885" height="782"/>
	<SubTexture name="Parent Christmas Idle0003" x="885" y="0" width="885" height="782"/>
	<SubTexture name="Parent Christmas Idle0004" x="1770" y="0" width="885" height="782"/>
	<SubTexture name="Parent Christmas Idle0005" x="1770" y="0" width="885" height="782"/>
	<SubTexture name="Parent Christmas Idle0006" x="0" y="782" width="885" height="782"/>
	<SubTexture name="Parent Christmas Idle0007" x="0" y="782" width="885" height="782"/>
	<SubTexture name="Parent Christmas Idle0008" x="885" y="782" width="885" height="782"/>
	<SubTexture name="Parent Christmas Idle0009" x="885" y="782" width="885" height="782"/>
	<SubTexture name="Parent Christmas Idle0010" x="1770" y="782" width="885" height="782"/>
	<SubTexture name="Parent Christmas Idle0011" x="1770" y="782" width="885" height="782"/>
	<SubTexture name="Parent Christmas Idle0012" x="1770" y="782" width="885" height="782"/>
	<SubTexture name="Parent Christmas Idle0013" x="1770" y="782" width="885" height="782"/>
	<SubTexture name="Parent Down Note Dad0000" x="2655" y="782" width="854" height="759"/>
	<SubTexture name="Parent Down Note Dad0001" x="2655" y="782" width="854" height="759"/>
	<SubTexture name="Parent Down Note Dad0002" x="0" y="1564" width="854" height="759"/>
	<SubTexture name="Parent Down Note Dad0003" x="0" y="1564" width="854" height="759"/>
	<SubTexture name="Parent Down Note Dad0004" x="854" y="1564" width="854" height="759"/>
	<SubTexture name="Parent Down Note Dad0005" x="854" y="1564" width="854" height="759"/>
	<SubTexture name="Parent Down Note Dad0006" x="854" y="1564" width="854" height="759"/>
	<SubTexture name="Parent Down Note Dad0007" x="854" y="1564" width="854" height="759"/>
	<SubTexture name="Parent Down Note Dad0008" x="854" y="1564" width="854" height="759"/>
	<SubTexture name="Parent Down Note Dad0009" x="854" y="1564" width="854" height="759"/>
	<SubTexture name="Parent Down Note Dad0010" x="854" y="1564" width="854" height="759"/>
	<SubTexture name="Parent Down Note Dad0011" x="854" y="1564" width="854" height="759"/>
	<SubTexture name="Parent Down Note Dad0012" x="854" y="1564" width="854" height="759"/>
	<SubTexture name="Parent Down Note Dad0013" x="854" y="1564" width="854" height="759"/>
	<SubTexture name="Parent Down Note Dad0014" x="854" y="1564" width="854" height="759"/>
	<SubTexture name="Parent Down Note Mom0000" x="2655" y="782" width="854" height="759"/>
	<SubTexture name="Parent Down Note Mom0001" x="2655" y="782" width="854" height="759"/>
	<SubTexture name="Parent Down Note Mom0002" x="0" y="1564" width="854" height="759"/>
	<SubTexture name="Parent Down Note Mom0003" x="0" y="1564" width="854" height="759"/>
	<SubTexture name="Parent Down Note Mom0004" x="854" y="1564" width="854" height="759"/>
	<SubTexture name="Parent Down Note Mom0005" x="854" y="1564" width="854" height="759"/>
	<SubTexture name="Parent Down Note Mom0006" x="854" y="1564" width="854" height="759"/>
	<SubTexture name="Parent Down Note Mom0007" x="854" y="1564" width="854" height="759"/>
	<SubTexture name="Parent Down Note Mom0008" x="854" y="1564" width="854" height="759"/>
	<SubTexture name="Parent Down Note Mom0009" x="854" y="1564" width="854" height="759"/>
	<SubTexture name="Parent Down Note Mom0010" x="854" y="1564" width="854" height="759"/>
	<SubTexture name="Parent Down Note Mom0011" x="854" y="1564" width="854" height="759"/>
	<SubTexture name="Parent Down Note Mom0012" x="854" y="1564" width="854" height="759"/>
	<SubTexture name="Parent Down Note Mom0013" x="854" y="1564" width="854" height="759"/>
	<SubTexture name="Parent Down Note Mom0014" x="854" y="1564" width="854" height="759"/>
	<SubTexture name="Parent Left Note Dad0000" x="1708" y="1564" width="797" height="802"/>
	<SubTexture name="Parent Left Note Dad0001" x="1708" y="1564" width="797" height="802"/>
	<SubTexture name="Parent Left Note Dad0002" x="2505" y="1564" width="797" height="802"/>
	<SubTexture name="Parent Left Note Dad0003" x="2505" y="1564" width="797" height="802"/>
	<SubTexture name="Parent Left Note Dad0004" x="0" y="2366" width="797" height="802"/>
	<SubTexture name="Parent Left Note Dad0005" x="0" y="2366" width="797" height="802"/>
	<SubTexture name="Parent Left Note Dad0006" x="0" y="2366" width="797" height="802"/>
	<SubTexture name="Parent Left Note Dad0007" x="0" y="2366" width="797" height="802"/>
	<SubTexture name="Parent Left Note Dad0008" x="0" y="2366" width="797" height="802"/>
	<SubTexture name="Parent Left Note Dad0009" x="0" y="2366" width="797" height="802"/>
	<SubTexture name="Parent Left Note Dad0010" x="0" y="2366" width="797" height="802"/>
	<SubTexture name="Parent Left Note Dad0011" x="0" y="2366" width="797" height="802"/>
	<SubTexture name="Parent Left Note Dad0012" x="0" y="2366" width="797" height="802"/>
	<SubTexture name="Parent Left Note Dad0013" x="0" y="2366" width="797" height="802"/>
	<SubTexture name="Parent Left Note Dad0014" x="0" y="2366" width="797" height="802"/>
	<SubTexture name="Parent Left Note Dad0015" x="0" y="2366" width="797" height="802"/>
	<SubTexture name="Parent Left Note Mom0000" x="1708" y="1564" width="797" height="802"/>
	<SubTexture name="Parent Left Note Mom0001" x="1708" y="1564" width="797" height="802"/>
	<SubTexture name="Parent Left Note Mom0002" x="2505" y="1564" width="797" height="802"/>
	<SubTexture name="Parent Left Note Mom0003" x="2505" y="1564" width="797" height="802"/>
	<SubTexture name="Parent Left Note Mom0004" x="0" y="2366" width="797" height="802"/>
	<SubTexture name="Parent Left Note Mom0005" x="0" y="2366" width="797" height="802"/>
	<SubTexture name="Parent Left Note Mom0006" x="0" y="2366" width="797" height="802"/>
	<SubTexture name="Parent Left Note Mom0007" x="0" y="2366" width="797" height="802"/>
	<SubTexture name="Parent Left Note Mom0008" x="0" y="2366" width="797" height="802"/>
	<SubTexture name="Parent Left Note Mom0009" x="0" y="2366" width="797" height="802"/>
	<SubTexture name="Parent Left Note Mom0010" x="0" y="2366" width="797" height="802"/>
	<SubTexture name="Parent Left Note Mom0011" x="0" y="2366" width="797" height="802"/>
	<SubTexture name="Parent Left Note Mom0012" x="0" y="2366" width="797" height="802"/>
	<SubTexture name="Parent Left Note Mom0013" x="0" y="2366" width="797" height="802"/>
	<SubTexture name="Parent Left Note Mom0014" x="0" y="2366" width="797" height="802"/>
	<SubTexture name="Parent Left Note Mom0015" x="0" y="2366" width="797" height="802"/>
	<SubTexture name="Parent Right Note Dad0000" x="797" y="2366" width="960" height="763"/>
	<SubTexture name="Parent Right Note Dad0001" x="797" y="2366" width="960" height="763"/>
	<SubTexture name="Parent Right Note Dad0002" x="1757" y="2366" width="960" height="763"/>
	<SubTexture name="Parent Right Note Dad0003" x="1757" y="2366" width="960" height="763"/>
	<SubTexture name="Parent Right Note Dad0004" x="0" y="3168" width="960" height="763"/>
	<SubTexture name="Parent Right Note Dad0005" x="0" y="3168" width="960" height="763"/>
	<SubTexture name="Parent Right Note Dad0006" x="0" y="3168" width="960" height="763"/>
	<SubTexture name="Parent Right Note Dad0007" x="0" y="3168" width="960" height="763"/>
	<SubTexture name="Parent Right Note Dad0008" x="0" y="3168" width="960" height="763"/>
	<SubTexture name="Parent Right Note Dad0009" x="0" y="3168" width="960" height="763"/>
	<SubTexture name="Parent Right Note Dad0010" x="0" y="3168" width="960" height="763"/>
	<SubTexture name="Parent Right Note Dad0011" x="0" y="3168" width="960" height="763"/>
	<SubTexture name="Parent Right Note Dad0012" x="0" y="3168" width="960" height="763"/>
	<SubTexture name="Parent Right Note Dad0013" x="0" y="3168" width="960" height="763"/>
	<SubTexture name="Parent Right Note Dad0014" x="0" y="3168" width="960" height="763"/>
	<SubTexture name="Parent Right Note Dad0015" x="0" y="3168" width="960" height="763"/>
	<SubTexture name="Parent Right Note Mom0000" x="797" y="2366" width="960" height="763"/>
	<SubTexture name="Parent Right Note Mom0001" x="797" y="2366" width="960" height="763"/>
	<SubTexture name="Parent Right Note Mom0002" x="1757" y="2366" width="960" height="763"/>
	<SubTexture name="Parent Right Note Mom0003" x="1757" y="2366" width="960" height="763"/>
	<SubTexture name="Parent Right Note Mom0004" x="0" y="3168" width="960" height="763"/>
	<SubTexture name="Parent Right Note Mom0005" x="0" y="3168" width="960" height="763"/>
	<SubTexture name="Parent Right Note Mom0006" x="0" y="3168" width="960" height="763"/>
	<SubTexture name="Parent Right Note Mom0007" x="0" y="3168" width="960" height="763"/>
	<SubTexture name="Parent Right Note Mom0008" x="0" y="3168" width="960" height="763"/>
	<SubTexture name="Parent Right Note Mom0009" x="0" y="3168" width="960" height="763"/>
	<SubTexture name="Parent Right Note Mom0010" x="0" y="3168" width="960" height="763"/>
	<SubTexture name="Parent Right Note Mom0011" x="0" y="3168" width="960" height="763"/>
	<SubTexture name="Parent Right Note Mom0012" x="0" y="3168" width="960" height="763"/>
	<SubTexture name="Parent Right Note Mom0013" x="0" y="3168" width="960" height="763"/>
	<SubTexture name="Parent Right Note Mom0014" x="0" y="3168" width="960" height="763"/>
	<SubTexture name="Parent Right Note Mom0015" x="0" y="3168" width="960" height="763"/>
	<SubTexture name="Parent Up Note Dad0000" x="960" y="3168" width="800" height="809"/>
	<SubTexture name="Parent Up Note Dad0001" x="960" y="3168" width="800" height="809"/>
	<SubTexture name="Parent Up Note Dad0002" x="1760" y="3168" width="800" height="809"/>
	<SubTexture name="Parent Up Note Dad0003" x="1760" y="3168" width="800" height="809"/>
	<SubTexture name="Parent Up Note Dad0004" x="2560" y="3168" width="800" height="809"/>
	<SubTexture name="Parent Up Note Dad0005" x="2560" y="3168" width="800" height="809"/>
	<SubTexture name="Parent Up Note Dad0006" x="2560" y="3168" width="800" height="809"/>
	<SubTexture name="Parent Up Note Dad0007" x="2560" y="3168" width="800" height="809"/>
	<SubTexture name="Parent Up Note Dad0008" x="2560" y="3168" width="800" height="809"/>
	<SubTexture name="Parent Up Note Dad0009" x="2560" y="3168" width="800" height="809"/>
	<SubTexture name="Parent Up Note Dad0010" x="2560" y="3168" width="800" height="809"/>
	<SubTexture name="Parent Up Note Dad0011" x="2560" y="3168" width="800" height="809"/>
	<SubTexture name="Parent Up Note Dad0012" x="2560" y="3168" width="800" height="809"/>
	<SubTexture name="Parent Up Note Dad0013" x="2560" y="3168" width="800" height="809"/>
	<SubTexture name="Parent Up Note Mom0000" x="960" y="3168" width="800" height="809"/>
	<SubTexture name="Parent Up Note Mom0001" x="960" y="3168" width="800" height="809"/>
	<SubTexture name="Parent Up Note Mom0002" x="1760" y="3168" width="800" height="809"/>
	<SubTexture name="Parent Up Note Mom0003" x="1760" y="3168" width="800" height="809"/>
	<SubTexture name="Parent Up Note Mom0004" x="2560" y="3168" width="800" height="809"/>
	<SubTexture name="Parent Up Note Mom0005" x="2560" y="3168" width="800" height="809"/>
	<SubTexture name="Parent Up Note Mom0006" x="2560" y="3168" width="800" height="809"/>
	<SubTexture name="Parent Up Note Mom0007" x="2560" y="3168" width="800" height="809"/>
	<SubTexture name="Parent Up Note Mom0008" x="2560" y="3168" width="800" height="809"/>
	<SubTexture name="Parent Up Note Mom0009" x="2560" y="3168" width="800" height="809"/>
	<SubTexture name="Parent Up Note Mom0010" x="2560" y="3168" width="800" height="809"/>
	<SubTexture name="Parent Up Note Mom0011" x="2560" y="3168" width="800" height="809"/>
	<SubTexture name="Parent Up Note Mom0012" x="2560" y="3168" width="800" height="809"/>
	<SubTexture name="Parent Up Note Mom0013" x="2560" y="3168" width="800" height="809"/>
</TextureAtlas>
