﻿<?xml version="1.0" encoding="utf-8"?>
<TextureAtlas imagePath="monsterChristmas.png">
	<!-- Created with Adobe Animate version 21.0.1.37179 -->
	<!-- http://www.adobe.com/products/animate.html -->
	<SubTexture name="Monster Right note0000" x="0" y="0" width="381" height="720"/>
	<SubTexture name="Monster Right note0001" x="0" y="0" width="381" height="720"/>
	<SubTexture name="Monster Right note0002" x="381" y="0" width="381" height="720"/>
	<SubTexture name="Monster Right note0003" x="381" y="0" width="381" height="720"/>
	<SubTexture name="Monster Right note0004" x="381" y="0" width="381" height="720"/>
	<SubTexture name="Monster Right note0005" x="381" y="0" width="381" height="720"/>
	<SubTexture name="Monster Right note0006" x="381" y="0" width="381" height="720"/>
	<SubTexture name="Monster Right note0007" x="381" y="0" width="381" height="720"/>
	<SubTexture name="Monster Right note0008" x="381" y="0" width="381" height="720"/>
	<SubTexture name="Monster Right note0009" x="381" y="0" width="381" height="720"/>
	<SubTexture name="Monster Right note0010" x="381" y="0" width="381" height="720"/>
	<SubTexture name="Monster Right note0011" x="381" y="0" width="381" height="720"/>
	<SubTexture name="Monster Right note0012" x="381" y="0" width="381" height="720"/>
	<SubTexture name="Monster Right note0013" x="381" y="0" width="381" height="720"/>
	<SubTexture name="Monster Right note0014" x="381" y="0" width="381" height="720"/>
	<SubTexture name="Monster left note0000" x="762" y="0" width="476" height="714"/>
	<SubTexture name="Monster left note0001" x="762" y="0" width="476" height="714"/>
	<SubTexture name="Monster left note0002" x="1238" y="0" width="476" height="714"/>
	<SubTexture name="Monster left note0003" x="1238" y="0" width="476" height="714"/>
	<SubTexture name="Monster left note0004" x="1238" y="0" width="476" height="714"/>
	<SubTexture name="Monster left note0005" x="1238" y="0" width="476" height="714"/>
	<SubTexture name="Monster left note0006" x="1238" y="0" width="476" height="714"/>
	<SubTexture name="Monster left note0007" x="1238" y="0" width="476" height="714"/>
	<SubTexture name="Monster left note0008" x="1238" y="0" width="476" height="714"/>
	<SubTexture name="Monster left note0009" x="1238" y="0" width="476" height="714"/>
	<SubTexture name="Monster left note0010" x="1238" y="0" width="476" height="714"/>
	<SubTexture name="Monster left note0011" x="1238" y="0" width="476" height="714"/>
	<SubTexture name="Monster left note0012" x="1238" y="0" width="476" height="714"/>
	<SubTexture name="Monster left note0013" x="1238" y="0" width="476" height="714"/>
	<SubTexture name="Monster left note0014" x="1238" y="0" width="476" height="714"/>
	<SubTexture name="Monster left note0015" x="1238" y="0" width="476" height="714"/>
	<SubTexture name="Monster left note0016" x="1238" y="0" width="476" height="714"/>
	<SubTexture name="Monster left note0017" x="1238" y="0" width="476" height="714"/>
	<SubTexture name="Monster left note0018" x="1238" y="0" width="476" height="714"/>
	<SubTexture name="Monster left note0019" x="1238" y="0" width="476" height="714"/>
	<SubTexture name="monster down0000" x="1714" y="0" width="440" height="618"/>
	<SubTexture name="monster down0001" x="1714" y="0" width="440" height="618"/>
	<SubTexture name="monster down0002" x="2154" y="0" width="440" height="618"/>
	<SubTexture name="monster down0003" x="2594" y="0" width="440" height="618"/>
	<SubTexture name="monster down0004" x="2594" y="0" width="440" height="618"/>
	<SubTexture name="monster down0005" x="3034" y="0" width="440" height="618"/>
	<SubTexture name="monster down0006" x="3034" y="0" width="440" height="618"/>
	<SubTexture name="monster down0007" x="3474" y="0" width="440" height="618"/>
	<SubTexture name="monster down0008" x="3474" y="0" width="440" height="618"/>
	<SubTexture name="monster down0009" x="3474" y="0" width="440" height="618"/>
	<SubTexture name="monster down0010" x="3474" y="0" width="440" height="618"/>
	<SubTexture name="monster down0011" x="3474" y="0" width="440" height="618"/>
	<SubTexture name="monster down0012" x="3474" y="0" width="440" height="618"/>
	<SubTexture name="monster down0013" x="3474" y="0" width="440" height="618"/>
	<SubTexture name="monster down0014" x="3474" y="0" width="440" height="618"/>
	<SubTexture name="monster down0015" x="3474" y="0" width="440" height="618"/>
	<SubTexture name="monster down0016" x="3474" y="0" width="440" height="618"/>
	<SubTexture name="monster down0017" x="3474" y="0" width="440" height="618"/>
	<SubTexture name="monster down0018" x="3474" y="0" width="440" height="618"/>
	<SubTexture name="monster down0019" x="3474" y="0" width="440" height="618"/>
	<SubTexture name="monster down0020" x="3474" y="0" width="440" height="618"/>
	<SubTexture name="monster down0021" x="3474" y="0" width="440" height="618"/>
	<SubTexture name="monster down0022" x="3474" y="0" width="440" height="618"/>
	<SubTexture name="monster down0023" x="3474" y="0" width="440" height="618"/>
	<SubTexture name="monster down0024" x="3474" y="0" width="440" height="618"/>
	<SubTexture name="monster down0025" x="3474" y="0" width="440" height="618"/>
	<SubTexture name="monster down0026" x="3474" y="0" width="440" height="618"/>
	<SubTexture name="monster down0027" x="3474" y="0" width="440" height="618"/>
	<SubTexture name="monster down0028" x="3474" y="0" width="440" height="618"/>
	<SubTexture name="monster down0029" x="3474" y="0" width="440" height="618"/>
	<SubTexture name="monster idle0000" x="0" y="720" width="484" height="711"/>
	<SubTexture name="monster idle0001" x="484" y="720" width="484" height="711"/>
	<SubTexture name="monster idle0002" x="968" y="720" width="484" height="711"/>
	<SubTexture name="monster idle0003" x="1452" y="720" width="484" height="711"/>
	<SubTexture name="monster idle0004" x="1936" y="720" width="484" height="711"/>
	<SubTexture name="monster idle0005" x="2420" y="720" width="484" height="711"/>
	<SubTexture name="monster idle0006" x="2904" y="720" width="484" height="711"/>
	<SubTexture name="monster idle0007" x="3388" y="720" width="484" height="711"/>
	<SubTexture name="monster idle0008" x="0" y="1431" width="484" height="711"/>
	<SubTexture name="monster idle0009" x="484" y="1431" width="484" height="711"/>
	<SubTexture name="monster idle0010" x="968" y="1431" width="484" height="711"/>
	<SubTexture name="monster idle0011" x="1452" y="1431" width="484" height="711"/>
	<SubTexture name="monster idle0012" x="968" y="1431" width="484" height="711"/>
	<SubTexture name="monster idle0013" x="1452" y="1431" width="484" height="711"/>
	<SubTexture name="monster idle0014" x="968" y="1431" width="484" height="711"/>
	<SubTexture name="monster up note0000" x="1936" y="1431" width="418" height="760"/>
	<SubTexture name="monster up note0001" x="1936" y="1431" width="418" height="760"/>
	<SubTexture name="monster up note0002" x="2354" y="1431" width="418" height="760"/>
	<SubTexture name="monster up note0003" x="2354" y="1431" width="418" height="760"/>
	<SubTexture name="monster up note0004" x="2772" y="1431" width="418" height="760"/>
	<SubTexture name="monster up note0005" x="2772" y="1431" width="418" height="760"/>
	<SubTexture name="monster up note0006" x="3190" y="1431" width="418" height="760"/>
	<SubTexture name="monster up note0007" x="3190" y="1431" width="418" height="760"/>
	<SubTexture name="monster up note0008" x="3190" y="1431" width="418" height="760"/>
	<SubTexture name="monster up note0009" x="3190" y="1431" width="418" height="760"/>
	<SubTexture name="monster up note0010" x="3190" y="1431" width="418" height="760"/>
	<SubTexture name="monster up note0011" x="3190" y="1431" width="418" height="760"/>
	<SubTexture name="monster up note0012" x="3190" y="1431" width="418" height="760"/>
	<SubTexture name="monster up note0013" x="3190" y="1431" width="418" height="760"/>
	<SubTexture name="monster up note0014" x="3190" y="1431" width="418" height="760"/>
	<SubTexture name="monster up note0015" x="3190" y="1431" width="418" height="760"/>
	<SubTexture name="monster up note0016" x="3190" y="1431" width="418" height="760"/>
	<SubTexture name="monster up note0017" x="3190" y="1431" width="418" height="760"/>
	<SubTexture name="monster up note0018" x="3190" y="1431" width="418" height="760"/>
	<SubTexture name="monster up note0019" x="3190" y="1431" width="418" height="760"/>
	<SubTexture name="monster up note0020" x="3190" y="1431" width="418" height="760"/>
	<SubTexture name="monster up note0021" x="3190" y="1431" width="418" height="760"/>
	<SubTexture name="monster up note0022" x="3190" y="1431" width="418" height="760"/>
	<SubTexture name="monster up note0023" x="3190" y="1431" width="418" height="760"/>
</TextureAtlas>
