﻿<?xml version="1.0" encoding="utf-8"?>
<TextureAtlas imagePath="BF_Dialogue.png">
	<!-- Created with Adobe Animate version 21.0.1.37179 -->
	<!-- http://www.adobe.com/products/animate.html -->
	<SubTexture name="BF0000" x="4" y="4" width="402" height="407" pivotX="-66.25" pivotY="-60.45"/>
	<SubTexture name="BF0001" x="4" y="4" width="402" height="407"/>
	<SubTexture name="BF CONFUSED0000" x="410" y="4" width="396" height="407" pivotX="-72.35" pivotY="-60.45"/>
	<SubTexture name="BF CONFUSED0001" x="410" y="4" width="396" height="407"/>
	<SubTexture name="BF CONFUSED LOOP0000" x="810" y="4" width="400" height="421" pivotX="-69.3" pivotY="-46.6"/>
	<SubTexture name="BF CONFUSED LOOP0001" x="810" y="4" width="400" height="421"/>
	<SubTexture name="BF CONFUSED LOOP0002" x="1214" y="4" width="395" height="415" frameX="-3" frameY="-6" frameWidth="400" frameHeight="421"/>
	<SubTexture name="BF CONFUSED LOOP0003" x="1214" y="4" width="395" height="415" frameX="-3" frameY="-6" frameWidth="400" frameHeight="421"/>
	<SubTexture name="BF CONFUSED LOOP0004" x="1613" y="4" width="396" height="407" frameX="-3" frameY="-14" frameWidth="400" frameHeight="421"/>
	<SubTexture name="BF CONFUSED LOOP0005" x="1613" y="4" width="396" height="407" frameX="-3" frameY="-14" frameWidth="400" frameHeight="421"/>
	<SubTexture name="BF EXCITED0000" x="2013" y="4" width="414" height="412" pivotX="-60.5" pivotY="-55.1"/>
	<SubTexture name="BF EXCITED0001" x="2013" y="4" width="414" height="412"/>
	<SubTexture name="BF EXCITED LOOP0000" x="2431" y="4" width="415" height="422" pivotX="-59.9" pivotY="-45.7" frameX="0" frameY="0" frameWidth="415" frameHeight="423"/>
	<SubTexture name="BF EXCITED LOOP0001" x="2431" y="4" width="415" height="422" frameX="0" frameY="0" frameWidth="415" frameHeight="423"/>
	<SubTexture name="BF EXCITED LOOP0002" x="2850" y="4" width="412" height="417" frameX="-1" frameY="-6" frameWidth="415" frameHeight="423"/>
	<SubTexture name="BF EXCITED LOOP0003" x="2850" y="4" width="412" height="417" frameX="-1" frameY="-6" frameWidth="415" frameHeight="423"/>
	<SubTexture name="BF EXCITED LOOP0004" x="3266" y="4" width="414" height="412" frameX="-1" frameY="-10" frameWidth="415" frameHeight="423"/>
	<SubTexture name="BF EXCITED LOOP0005" x="3266" y="4" width="414" height="412" frameX="-1" frameY="-10" frameWidth="415" frameHeight="423"/>
	<SubTexture name="BF LOOP0000" x="3684" y="4" width="404" height="421" pivotX="-65.05" pivotY="-46.6"/>
	<SubTexture name="BF LOOP0001" x="3684" y="4" width="404" height="421"/>
	<SubTexture name="BF LOOP0002" x="4" y="430" width="402" height="415" frameX="0" frameY="-6" frameWidth="404" frameHeight="421"/>
	<SubTexture name="BF LOOP0003" x="4" y="430" width="402" height="415" frameX="0" frameY="-6" frameWidth="404" frameHeight="421"/>
	<SubTexture name="BF LOOP0004" x="410" y="430" width="402" height="407" frameX="-1" frameY="-14" frameWidth="404" frameHeight="421"/>
	<SubTexture name="BF LOOP0005" x="410" y="430" width="402" height="407" frameX="-1" frameY="-14" frameWidth="404" frameHeight="421"/>
	<SubTexture name="BF PISSED0000" x="816" y="430" width="381" height="407" pivotX="-136" pivotY="-60.45"/>
	<SubTexture name="BF PISSED0001" x="816" y="430" width="381" height="407"/>
	<SubTexture name="BF PISSED LOOP0000" x="1201" y="430" width="386" height="399" pivotX="-136" pivotY="-60.45" frameX="-1" frameY="-8" frameWidth="387" frameHeight="407"/>
	<SubTexture name="BF PISSED LOOP0001" x="1201" y="430" width="386" height="399" frameX="-1" frameY="-8" frameWidth="387" frameHeight="407"/>
	<SubTexture name="BF PISSED LOOP0002" x="1591" y="430" width="384" height="403" frameX="0" frameY="-4" frameWidth="387" frameHeight="407"/>
	<SubTexture name="BF PISSED LOOP0003" x="1591" y="430" width="384" height="403" frameX="0" frameY="-4" frameWidth="387" frameHeight="407"/>
	<SubTexture name="BF PISSED LOOP0004" x="816" y="430" width="381" height="407"/>
	<SubTexture name="BF PISSED LOOP0005" x="816" y="430" width="381" height="407"/>
	<SubTexture name="BF SHOCK0000" x="1979" y="430" width="396" height="407" pivotX="-72.35" pivotY="-60.45"/>
	<SubTexture name="BF SHOCK0001" x="2379" y="430" width="396" height="407"/>
	<SubTexture name="BF SHOCK LOOP0000" x="2779" y="430" width="400" height="421" pivotX="-69.3" pivotY="-46.6"/>
	<SubTexture name="BF SHOCK LOOP0001" x="3183" y="430" width="400" height="421"/>
	<SubTexture name="BF SHOCK LOOP0002" x="3587" y="430" width="395" height="415" frameX="-3" frameY="-6" frameWidth="400" frameHeight="421"/>
	<SubTexture name="BF SHOCK LOOP0003" x="4" y="855" width="395" height="415" frameX="-3" frameY="-6" frameWidth="400" frameHeight="421"/>
	<SubTexture name="BF SHOCK LOOP0004" x="403" y="855" width="396" height="407" frameX="-3" frameY="-14" frameWidth="400" frameHeight="421"/>
	<SubTexture name="BF SHOCK LOOP0005" x="803" y="855" width="396" height="407" frameX="-3" frameY="-14" frameWidth="400" frameHeight="421"/>
</TextureAtlas>
