{"song":{"player1":"bf","notes":[{"sectionNotes":[],"lengthInSteps":16,"mustHitSection":false},{"sectionNotes":[],"lengthInSteps":16,"mustHitSection":true},{"sectionNotes":[],"lengthInSteps":16,"mustHitSection":false},{"sectionNotes":[],"lengthInSteps":16,"mustHitSection":true},{"sectionNotes":[[8000,-1,"Set GF Speed","2",""]],"lengthInSteps":16,"mustHitSection":false},{"sectionNotes":[],"lengthInSteps":16,"mustHitSection":true},{"sectionNotes":[],"lengthInSteps":16,"mustHitSection":false},{"sectionNotes":[],"lengthInSteps":16,"mustHitSection":true},{"sectionNotes":[],"lengthInSteps":16,"mustHitSection":false},{"sectionNotes":[],"lengthInSteps":16,"mustHitSection":true},{"sectionNotes":[],"lengthInSteps":16,"mustHitSection":false},{"sectionNotes":[],"lengthInSteps":16,"mustHitSection":true},{"sectionNotes":[[24000,-1,"Set GF Speed","1",""]],"lengthInSteps":16,"mustHitSection":false},{"sectionNotes":[],"lengthInSteps":16,"mustHitSection":false},{"sectionNotes":[],"lengthInSteps":16,"mustHitSection":true},{"sectionNotes":[],"lengthInSteps":16,"mustHitSection":true},{"sectionNotes":[],"lengthInSteps":16,"mustHitSection":false},{"sectionNotes":[],"lengthInSteps":16,"mustHitSection":false},{"sectionNotes":[],"lengthInSteps":16,"mustHitSection":true},{"sectionNotes":[],"lengthInSteps":16,"mustHitSection":true},{"sectionNotes":[[40000,-1,"Set GF Speed","2",""]],"lengthInSteps":16,"mustHitSection":false},{"sectionNotes":[],"lengthInSteps":16,"mustHitSection":true},{"sectionNotes":[],"lengthInSteps":16,"mustHitSection":false},{"sectionNotes":[],"lengthInSteps":16,"mustHitSection":true},{"sectionNotes":[],"lengthInSteps":16,"mustHitSection":false},{"sectionNotes":[],"lengthInSteps":16,"mustHitSection":true},{"sectionNotes":[],"lengthInSteps":16,"mustHitSection":false},{"sectionNotes":[],"lengthInSteps":16,"mustHitSection":true},{"sectionNotes":[[56000,-1,"Set GF Speed","1",""]],"lengthInSteps":16,"mustHitSection":false},{"sectionNotes":[],"lengthInSteps":16,"mustHitSection":false},{"sectionNotes":[],"lengthInSteps":16,"mustHitSection":true},{"sectionNotes":[],"lengthInSteps":16,"mustHitSection":true},{"sectionNotes":[],"lengthInSteps":16,"mustHitSection":false},{"sectionNotes":[],"lengthInSteps":16,"mustHitSection":false},{"sectionNotes":[],"lengthInSteps":16,"mustHitSection":true},{"sectionNotes":[],"lengthInSteps":16,"mustHitSection":true},{"sectionNotes":[],"lengthInSteps":16,"mustHitSection":true},{"sectionNotes":[],"lengthInSteps":16,"mustHitSection":true},{"sectionNotes":[],"lengthInSteps":16,"mustHitSection":true},{"sectionNotes":[],"lengthInSteps":16,"mustHitSection":true},{"sectionNotes":[],"lengthInSteps":16,"mustHitSection":true},{"sectionNotes":[],"lengthInSteps":16,"mustHitSection":true},{"lengthInSteps":16,"altAnim":false,"typeOfSection":0,"sectionNotes":[],"bpm":120,"changeBPM":false,"mustHitSection":true},{"lengthInSteps":16,"altAnim":false,"typeOfSection":0,"sectionNotes":[],"bpm":120,"changeBPM":false,"mustHitSection":true},{"lengthInSteps":16,"altAnim":false,"typeOfSection":0,"sectionNotes":[],"bpm":120,"changeBPM":false,"mustHitSection":true}],"player2":"dad","song":"Fresh","validScore":true,"needsVoices":true,"speed":1.8,"bpm":120}}