﻿<?xml version="1.0" encoding="utf-8"?>
<TextureAtlas imagePath="Menu_Mom.png">
	<!-- Created with Adobe Animate version 21.0.1.37179 -->
	<!-- http://www.adobe.com/products/animate.html -->
	<SubTexture name="M Mom Idle0000" x="4" y="4" width="177" height="379" pivotX="1.75" pivotY="1.25" frameX="-1" frameY="-1" frameWidth="178" frameHeight="380"/>
	<SubTexture name="M Mom Idle0001" x="4" y="4" width="177" height="379" frameX="-1" frameY="-1" frameWidth="178" frameHeight="380"/>
	<SubTexture name="M Mom Idle0002" x="181" y="4" width="177" height="374" frameX="-1" frameY="-6" frameWidth="178" frameHeight="380"/>
	<SubTexture name="M Mom Idle0003" x="181" y="4" width="177" height="374" frameX="-1" frameY="-6" frameWidth="178" frameHeight="380"/>
	<SubTexture name="M Mom Idle0004" x="358" y="4" width="177" height="377" frameX="0" frameY="-3" frameWidth="178" frameHeight="380"/>
	<SubTexture name="M Mom Idle0005" x="358" y="4" width="177" height="377" frameX="0" frameY="-3" frameWidth="178" frameHeight="380"/>
	<SubTexture name="M Mom Idle0006" x="535" y="4" width="176" height="378" frameX="0" frameY="-2" frameWidth="178" frameHeight="380"/>
	<SubTexture name="M Mom Idle0007" x="535" y="4" width="176" height="378" frameX="0" frameY="-2" frameWidth="178" frameHeight="380"/>
	<SubTexture name="M Mom Idle0008" x="711" y="4" width="176" height="379" frameX="0" frameY="-1" frameWidth="178" frameHeight="380"/>
	<SubTexture name="M Mom Idle0009" x="711" y="4" width="176" height="379" frameX="0" frameY="-1" frameWidth="178" frameHeight="380"/>
	<SubTexture name="M Mom Idle0010" x="4" y="383" width="176" height="380" frameX="0" frameY="0" frameWidth="178" frameHeight="380"/>
	<SubTexture name="M Mom Idle0011" x="4" y="383" width="176" height="380" frameX="0" frameY="0" frameWidth="178" frameHeight="380"/>
	<SubTexture name="M Mom Idle0012" x="180" y="383" width="176" height="380" frameX="0" frameY="0" frameWidth="178" frameHeight="380"/>
	<SubTexture name="M Mom Idle0013" x="180" y="383" width="176" height="380" frameX="0" frameY="0" frameWidth="178" frameHeight="380"/>
</TextureAtlas>
