﻿<?xml version="1.0" encoding="utf-8"?>
<TextureAtlas imagePath="Menu_Spooky_Kids.png">
	<!-- Created with Adobe Animate version 21.0.1.37179 -->
	<!-- http://www.adobe.com/products/animate.html -->
	<SubTexture name="M Spooky Kids Idle0000" x="0" y="0" width="176" height="253" pivotX="22.95" pivotY="0" frameX="-22" frameY="0" frameWidth="226" frameHeight="253"/>
	<SubTexture name="M Spooky Kids Idle0001" x="0" y="0" width="176" height="253" frameX="-22" frameY="0" frameWidth="226" frameHeight="253"/>
	<SubTexture name="M Spooky Kids Idle0002" x="180" y="0" width="175" height="250" frameX="-24" frameY="-3" frameWidth="226" frameHeight="253"/>
	<SubTexture name="M Spooky Kids Idle0003" x="180" y="0" width="175" height="250" frameX="-24" frameY="-3" frameWidth="226" frameHeight="253"/>
	<SubTexture name="M Spooky Kids Idle0004" x="359" y="0" width="165" height="224" frameX="-35" frameY="-27" frameWidth="226" frameHeight="253"/>
	<SubTexture name="M Spooky Kids Idle0005" x="359" y="0" width="165" height="224" frameX="-35" frameY="-27" frameWidth="226" frameHeight="253"/>
	<SubTexture name="M Spooky Kids Idle0006" x="528" y="0" width="164" height="229" frameX="-35" frameY="-23" frameWidth="226" frameHeight="253"/>
	<SubTexture name="M Spooky Kids Idle0007" x="528" y="0" width="164" height="229" frameX="-35" frameY="-23" frameWidth="226" frameHeight="253"/>
	<SubTexture name="M Spooky Kids Idle0008" x="696" y="0" width="226" height="245" frameX="0" frameY="-7" frameWidth="226" frameHeight="253"/>
	<SubTexture name="M Spooky Kids Idle0009" x="696" y="0" width="226" height="245" frameX="0" frameY="-7" frameWidth="226" frameHeight="253"/>
	<SubTexture name="M Spooky Kids Idle0010" x="0" y="257" width="221" height="242" frameX="-3" frameY="-9" frameWidth="226" frameHeight="253"/>
	<SubTexture name="M Spooky Kids Idle0011" x="0" y="257" width="221" height="242" frameX="-3" frameY="-9" frameWidth="226" frameHeight="253"/>
	<SubTexture name="M Spooky Kids Idle0012" x="359" y="0" width="165" height="224" frameX="-35" frameY="-27" frameWidth="226" frameHeight="253"/>
	<SubTexture name="M Spooky Kids Idle0013" x="359" y="0" width="165" height="224" frameX="-35" frameY="-27" frameWidth="226" frameHeight="253"/>
	<SubTexture name="M Spooky Kids Idle0014" x="528" y="0" width="164" height="229" frameX="-35" frameY="-23" frameWidth="226" frameHeight="253"/>
	<SubTexture name="M Spooky Kids Idle0015" x="528" y="0" width="164" height="229" frameX="-35" frameY="-23" frameWidth="226" frameHeight="253"/>
</TextureAtlas>
