{"song":{"player1":"bf-car","song":"Milf","player2":"mom-car","notes":[{"lengthInSteps":16,"sectionNotes":[],"mustHitSection":true},{"lengthInSteps":16,"sectionNotes":[],"mustHitSection":true},{"lengthInSteps":16,"sectionNotes":[],"mustHitSection":false},{"lengthInSteps":16,"sectionNotes":[],"mustHitSection":false},{"lengthInSteps":16,"sectionNotes":[],"mustHitSection":false},{"lengthInSteps":16,"sectionNotes":[],"mustHitSection":false},{"lengthInSteps":16,"sectionNotes":[],"mustHitSection":true},{"lengthInSteps":16,"sectionNotes":[],"mustHitSection":true},{"lengthInSteps":16,"sectionNotes":[],"mustHitSection":true},{"lengthInSteps":16,"sectionNotes":[],"mustHitSection":true},{"lengthInSteps":16,"sectionNotes":[],"mustHitSection":false},{"lengthInSteps":16,"sectionNotes":[],"mustHitSection":false},{"lengthInSteps":16,"sectionNotes":[],"mustHitSection":false},{"lengthInSteps":16,"sectionNotes":[],"mustHitSection":false},{"lengthInSteps":16,"sectionNotes":[],"mustHitSection":true},{"lengthInSteps":16,"sectionNotes":[],"mustHitSection":true},{"lengthInSteps":16,"sectionNotes":[],"mustHitSection":true},{"lengthInSteps":16,"sectionNotes":[],"mustHitSection":true},{"lengthInSteps":16,"sectionNotes":[],"mustHitSection":false},{"lengthInSteps":16,"sectionNotes":[],"mustHitSection":false},{"lengthInSteps":16,"sectionNotes":[],"mustHitSection":false},{"lengthInSteps":16,"sectionNotes":[],"mustHitSection":false},{"lengthInSteps":16,"sectionNotes":[],"mustHitSection":true},{"lengthInSteps":16,"sectionNotes":[],"mustHitSection":true},{"lengthInSteps":16,"sectionNotes":[],"mustHitSection":true},{"lengthInSteps":16,"sectionNotes":[],"mustHitSection":true},{"lengthInSteps":16,"sectionNotes":[],"mustHitSection":false},{"lengthInSteps":16,"sectionNotes":[],"mustHitSection":false},{"lengthInSteps":16,"sectionNotes":[],"mustHitSection":false},{"lengthInSteps":16,"sectionNotes":[],"mustHitSection":false},{"lengthInSteps":16,"sectionNotes":[],"mustHitSection":true},{"lengthInSteps":16,"sectionNotes":[],"mustHitSection":true},{"lengthInSteps":16,"sectionNotes":[],"mustHitSection":true},{"lengthInSteps":16,"sectionNotes":[],"mustHitSection":true},{"lengthInSteps":16,"sectionNotes":[],"mustHitSection":false},{"lengthInSteps":16,"sectionNotes":[],"mustHitSection":false},{"lengthInSteps":16,"sectionNotes":[],"mustHitSection":false},{"lengthInSteps":16,"sectionNotes":[],"mustHitSection":false},{"lengthInSteps":16,"sectionNotes":[],"mustHitSection":true},{"lengthInSteps":16,"sectionNotes":[],"mustHitSection":true},{"lengthInSteps":16,"sectionNotes":[],"mustHitSection":true},{"lengthInSteps":16,"sectionNotes":[],"mustHitSection":true},{"lengthInSteps":16,"sectionNotes":[[56000,-1,"Add Camera Zoom","",""],[56666.6666666667,-1,"Add Camera Zoom","",""]],"mustHitSection":false},{"lengthInSteps":16,"sectionNotes":[[57333.3333333334,-1,"Add Camera Zoom","",""],[58000,-1,"Add Camera Zoom","",""]],"mustHitSection":false},{"lengthInSteps":16,"sectionNotes":[[58666.6666666667,-1,"Add Camera Zoom","",""],[59000,-1,"Add Camera Zoom","",""],[59333.3333333334,-1,"Add Camera Zoom","",""],[59666.6666666667,-1,"Add Camera Zoom","",""]],"mustHitSection":false},{"lengthInSteps":16,"sectionNotes":[[60000,-1,"Add Camera Zoom","",""],[60333.3333333334,-1,"Add Camera Zoom","",""],[60666.6666666667,-1,"Add Camera Zoom","",""],[61000,-1,"Add Camera Zoom","",""]],"mustHitSection":false},{"lengthInSteps":16,"sectionNotes":[[61333.3333333334,-1,"Add Camera Zoom","",""],[62000,-1,"Add Camera Zoom","",""]],"mustHitSection":true},{"lengthInSteps":16,"sectionNotes":[[62666.6666666667,-1,"Add Camera Zoom","",""],[63333.3333333334,-1,"Add Camera Zoom","",""]],"mustHitSection":true},{"lengthInSteps":16,"sectionNotes":[[64000,-1,"Add Camera Zoom","",""],[64333.3333333334,-1,"Add Camera Zoom","",""],[64666.6666666667,-1,"Add Camera Zoom","",""],[65000,-1,"Add Camera Zoom","",""]],"mustHitSection":true},{"lengthInSteps":16,"sectionNotes":[[65333.3333333334,-1,"Add Camera Zoom","",""],[65666.6666666667,-1,"Add Camera Zoom","",""],[66000,-1,"Add Camera Zoom","",""],[66333.3333333334,-1,"Add Camera Zoom","",""]],"mustHitSection":true},{"lengthInSteps":16,"sectionNotes":[],"mustHitSection":false},{"lengthInSteps":16,"sectionNotes":[],"mustHitSection":false},{"lengthInSteps":16,"sectionNotes":[],"mustHitSection":false},{"lengthInSteps":16,"sectionNotes":[],"mustHitSection":false},{"lengthInSteps":16,"sectionNotes":[],"mustHitSection":true},{"lengthInSteps":16,"sectionNotes":[],"mustHitSection":true},{"lengthInSteps":16,"sectionNotes":[],"mustHitSection":true},{"lengthInSteps":16,"sectionNotes":[],"mustHitSection":true},{"lengthInSteps":16,"sectionNotes":[[77333.3333333333,-1,"Kill Henchmen","",""]],"mustHitSection":false},{"lengthInSteps":16,"sectionNotes":[],"mustHitSection":false},{"lengthInSteps":16,"sectionNotes":[],"mustHitSection":false},{"lengthInSteps":16,"sectionNotes":[],"mustHitSection":false},{"lengthInSteps":16,"sectionNotes":[],"mustHitSection":false},{"lengthInSteps":16,"sectionNotes":[],"mustHitSection":false},{"lengthInSteps":16,"sectionNotes":[],"mustHitSection":false},{"lengthInSteps":16,"sectionNotes":[],"mustHitSection":true},{"lengthInSteps":16,"sectionNotes":[],"mustHitSection":false},{"lengthInSteps":16,"sectionNotes":[],"mustHitSection":false},{"lengthInSteps":16,"sectionNotes":[],"mustHitSection":false},{"lengthInSteps":16,"sectionNotes":[],"mustHitSection":false},{"lengthInSteps":16,"sectionNotes":[],"mustHitSection":true},{"lengthInSteps":16,"sectionNotes":[],"mustHitSection":true},{"lengthInSteps":16,"sectionNotes":[],"mustHitSection":true},{"lengthInSteps":16,"sectionNotes":[],"mustHitSection":true},{"lengthInSteps":16,"sectionNotes":[[98666.6666666666,-1,"Kill Henchmen","",""]],"mustHitSection":false},{"lengthInSteps":16,"sectionNotes":[],"mustHitSection":false},{"lengthInSteps":16,"sectionNotes":[],"mustHitSection":false},{"lengthInSteps":16,"sectionNotes":[],"mustHitSection":false},{"lengthInSteps":16,"sectionNotes":[],"mustHitSection":true},{"lengthInSteps":16,"sectionNotes":[],"mustHitSection":true},{"lengthInSteps":16,"sectionNotes":[],"mustHitSection":true},{"lengthInSteps":16,"sectionNotes":[],"mustHitSection":true},{"lengthInSteps":16,"sectionNotes":[],"mustHitSection":false},{"lengthInSteps":16,"sectionNotes":[],"mustHitSection":false},{"lengthInSteps":16,"sectionNotes":[],"mustHitSection":false},{"lengthInSteps":16,"sectionNotes":[],"mustHitSection":false},{"lengthInSteps":16,"sectionNotes":[],"mustHitSection":true},{"lengthInSteps":16,"sectionNotes":[],"mustHitSection":true},{"lengthInSteps":16,"sectionNotes":[],"mustHitSection":true},{"lengthInSteps":16,"sectionNotes":[],"mustHitSection":true},{"lengthInSteps":16,"sectionNotes":[],"mustHitSection":true},{"lengthInSteps":16,"sectionNotes":[],"mustHitSection":true},{"lengthInSteps":16,"sectionNotes":[],"mustHitSection":true},{"lengthInSteps":16,"sectionNotes":[],"mustHitSection":true},{"sectionNotes":[],"typeOfSection":0,"lengthInSteps":16,"altAnim":false,"mustHitSection":true,"changeBPM":false,"bpm":180},{"sectionNotes":[],"typeOfSection":0,"lengthInSteps":16,"altAnim":false,"mustHitSection":true,"changeBPM":false,"bpm":180},{"sectionNotes":[],"typeOfSection":0,"lengthInSteps":16,"altAnim":false,"mustHitSection":true,"changeBPM":false,"bpm":180},{"lengthInSteps":16,"altAnim":false,"typeOfSection":0,"sectionNotes":[],"bpm":180,"changeBPM":false,"mustHitSection":true}],"needsVoices":true,"validScore":true,"bpm":180,"speed":2.6}}