{
	"animations": [
		{
			"offsets": [
				0,
				0
			],
			"loop": false,
			"anim": "idle",
			"fps": 24,
			"name": "Mom Idle",
			"indices": []
		},
		{
			"offsets": [
				250,
				-23
			],
			"loop": false,
			"anim": "singLEFT",
			"fps": 24,
			"name": "Mom Left Pose",
			"indices": []
		},
		{
			"offsets": [
				10,
				-60
			],
			"loop": false,
			"anim": "singRIGHT",
			"fps": 24,
			"name": "Mom Pose Left",
			"indices": []
		},
		{
			"offsets": [
				20,
				-160
			],
			"loop": false,
			"anim": "singDOWN",
			"fps": 24,
			"name": "MOM DOWN POSE",
			"indices": []
		},
		{
			"offsets": [
				14,
				71
			],
			"loop": false,
			"anim": "singUP",
			"fps": 24,
			"name": "Mom Up Pose",
			"indices": []
		},
		{
			"offsets": [
				0,
				0
			],
			"indices": [
				10,
				11,
				12,
				13
			],
			"fps": 24,
			"anim": "idle-loop",
			"loop": true,
			"name": "Mom Idle"
		},
		{
			"offsets": [
				250,
				-23
			],
			"indices": [
				6,
				7,
				8,
				9
			],
			"fps": 24,
			"anim": "singLEFT-loop",
			"loop": true,
			"name": "Mom Left Pose"
		},
		{
			"offsets": [
				14,
				71
			],
			"indices": [
				11,
				12,
				13,
				14
			],
			"fps": 24,
			"anim": "singUP-loop",
			"loop": true,
			"name": "Mom Up Pose"
		},
		{
			"offsets": [
				10,
				-60
			],
			"indices": [
				6,
				7,
				8,
				9
			],
			"fps": 24,
			"anim": "singRIGHT-loop",
			"loop": true,
			"name": "Mom Pose Left"
		},
		{
			"offsets": [
				20,
				-160
			],
			"indices": [
				11,
				12,
				13,
				14
			],
			"fps": 24,
			"anim": "singDOWN-loop",
			"loop": true,
			"name": "MOM DOWN POSE"
		}
	],
	"no_antialiasing": false,
	"image": "characters/momCar",
	"position": [
		0,
		0
	],
	"healthicon": "mom",
	"flip_x": false,
	"healthbar_colors": [
		216,
		85,
		142
	],
	"camera_position": [
		0,
		0
	],
	"sing_duration": 4,
	"scale": 1
}