{
	"animations": [
		{
			"offsets": [
				2,
				0
			],
			"loop": false,
			"anim": "idle",
			"fps": 24,
			"name": "Angry Senpai Idle",
			"indices": []
		},
		{
			"offsets": [
				5,
				37
			],
			"loop": false,
			"anim": "singUP",
			"fps": 24,
			"name": "Angry Senpai UP NOTE",
			"indices": []
		},
		{
			"offsets": [
				40,
				0
			],
			"loop": false,
			"anim": "singLEFT",
			"fps": 24,
			"name": "Angry Senpai LEFT NOTE",
			"indices": []
		},
		{
			"offsets": [
				0,
				0
			],
			"loop": false,
			"anim": "singRIGHT",
			"fps": 24,
			"name": "Angry Senpai RIGHT NOTE",
			"indices": []
		},
		{
			"offsets": [
				14,
				0
			],
			"loop": false,
			"anim": "singDOWN",
			"fps": 24,
			"name": "Angry Senpai DOWN NOTE",
			"indices": []
		}
	],
	"no_antialiasing": true,
	"image": "characters/senpai",
	"position": [
		150,
		360
	],
	"healthicon": "senpai-pixel",
	"flip_x": false,
	"healthbar_colors": [
		255,
		170,
		111
	],
	"camera_position": [
		-240,
		-330
	],
	"sing_duration": 4,
	"scale": 6
}